[
  {
    "block_height": 10780,
    "timestamp": 1761440651.635552,
    "cid": "Qm5a8118aab2cb48a8932bc55c48ad655b803ad1c6ba37",
    "problem_size": 22,
    "problem_difficulty": 1.4,
    "problem_type": "unknown",
    "problem_constraints": 0,
    "solve_time": 7.0,
    "verify_time": 0.0,
    "memory_used": 292,
    "energy_used": 0.0,
    "solution_quality": 0.0,
    "algorithm": "unknown",
    "time_asymmetry": 23.33333333333333,
    "space_asymmetry": 13.272727272727272,
    "problem_weight": 1.82,
    "complexity_multiplier": 0.0,
    "gas_used": 0,
    "work_score": 0.0,
    "miner_address": "unknown",
    "block_hash": "",
    "previous_hash": "",
    "mining_efficiency": 0.0,
    "ipfs_data": null,
    "raw_problem_data": null,
    "raw_solution_data": null
  },
  {
    "block_height": 10781,
    "timestamp": 1761440652.1996994,
    "cid": "QmdfTbBqBPQ7VNxZEYEj14VmRuZBkqFbiwReogJgS1zR1n",
    "problem_size": 28,
    "problem_difficulty": 2.6,
    "problem_type": "unknown",
    "problem_constraints": 0,
    "solve_time": 10.0,
    "verify_time": 0.0,
    "memory_used": 378,
    "energy_used": 0.0,
    "solution_quality": 0.0,
    "algorithm": "unknown",
    "time_asymmetry": 25.0,
    "space_asymmetry": 13.5,
    "problem_weight": 3.64,
    "complexity_multiplier": 0.0,
    "gas_used": 0,
    "work_score": 0.0,
    "miner_address": "unknown",
    "block_hash": "",
    "previous_hash": "",
    "mining_efficiency": 0.0,
    "ipfs_data": null,
    "raw_problem_data": null,
    "raw_solution_data": null
  },
  {
    "block_height": 10782,
    "timestamp": 1761440654.3375726,
    "cid": "QmdfTbBqBPQ7VNxZEYEj14VmRuZBkqFbiwReogJgS1zR1n",
    "problem_size": 28,
    "problem_difficulty": 2.6,
    "problem_type": "unknown",
    "problem_constraints": 0,
    "solve_time": 10.0,
    "verify_time": 0.0,
    "memory_used": 378,
    "energy_used": 0.0,
    "solution_quality": 0.0,
    "algorithm": "unknown",
    "time_asymmetry": 25.0,
    "space_asymmetry": 13.5,
    "problem_weight": 3.64,
    "complexity_multiplier": 0.0,
    "gas_used": 0,
    "work_score": 0.0,
    "miner_address": "unknown",
    "block_hash": "",
    "previous_hash": "",
    "mining_efficiency": 0.0,
    "ipfs_data": null,
    "raw_problem_data": null,
    "raw_solution_data": null
  },
  {
    "block_height": 10783,
    "timestamp": 1761440655.837822,
    "cid": "Qmb5a647e35c0b32dbcabf834a5023184370aadcc2c2cf",
    "problem_size": 11,
    "problem_difficulty": 1.2,
    "problem_type": "unknown",
    "problem_constraints": 0,
    "solve_time": 1.5,
    "verify_time": 0.0,
    "memory_used": 171,
    "energy_used": 0.0,
    "solution_quality": 0.0,
    "algorithm": "unknown",
    "time_asymmetry": 7.5,
    "space_asymmetry": 15.545454545454543,
    "problem_weight": 1.44,
    "complexity_multiplier": 0.0,
    "gas_used": 0,
    "work_score": 0.0,
    "miner_address": "unknown",
    "block_hash": "",
    "previous_hash": "",
    "mining_efficiency": 0.0,
    "ipfs_data": null,
    "raw_problem_data": null,
    "raw_solution_data": null
  },
  {
    "block_height": 10784,
    "timestamp": 1761440656.513816,
    "cid": "QmdfTbBqBPQ7VNxZEYEj14VmRuZBkqFbiwReogJgS1zR1n",
    "problem_size": 28,
    "problem_difficulty": 2.6,
    "problem_type": "unknown",
    "problem_constraints": 0,
    "solve_time": 10.0,
    "verify_time": 0.0,
    "memory_used": 378,
    "energy_used": 0.0,
    "solution_quality": 0.0,
    "algorithm": "unknown",
    "time_asymmetry": 25.0,
    "space_asymmetry": 13.5,
    "problem_weight": 3.64,
    "complexity_multiplier": 0.0,
    "gas_used": 0,
    "work_score": 0.0,
    "miner_address": "unknown",
    "block_hash": "",
    "previous_hash": "",
    "mining_efficiency": 0.0,
    "ipfs_data": null,
    "raw_problem_data": null,
    "raw_solution_data": null
  },
  {
    "block_height": 10785,
    "timestamp": 1761440658.893012,
    "cid": "QmdfTbBqBPQ7VNxZEYEj14VmRuZBkqFbiwReogJgS1zR1n",
    "problem_size": 28,
    "problem_difficulty": 2.6,
    "problem_type": "unknown",
    "problem_constraints": 0,
    "solve_time": 10.0,
    "verify_time": 0.0,
    "memory_used": 378,
    "energy_used": 0.0,
    "solution_quality": 0.0,
    "algorithm": "unknown",
    "time_asymmetry": 25.0,
    "space_asymmetry": 13.5,
    "problem_weight": 3.64,
    "complexity_multiplier": 0.0,
    "gas_used": 0,
    "work_score": 0.0,
    "miner_address": "unknown",
    "block_hash": "",
    "previous_hash": "",
    "mining_efficiency": 0.0,
    "ipfs_data": null,
    "raw_problem_data": null,
    "raw_solution_data": null
  },
  {
    "block_height": 10786,
    "timestamp": 1761440660.0539377,
    "cid": "Qme30db48336229129bfc61d14465f9271df8cc5970446",
    "problem_size": 16,
    "problem_difficulty": 2.2,
    "problem_type": "unknown",
    "problem_constraints": 0,
    "solve_time": 4.0,
    "verify_time": 0.0,
    "memory_used": 206,
    "energy_used": 0.0,
    "solution_quality": 0.0,
    "algorithm": "unknown",
    "time_asymmetry": 20.0,
    "space_asymmetry": 12.875,
    "problem_weight": 2.64,
    "complexity_multiplier": 0.0,
    "gas_used": 0,
    "work_score": 0.0,
    "miner_address": "unknown",
    "block_hash": "",
    "previous_hash": "",
    "mining_efficiency": 0.0,
    "ipfs_data": null,
    "raw_problem_data": null,
    "raw_solution_data": null
  },
  {
    "block_height": 10787,
    "timestamp": 1761440661.1274996,
    "cid": "QmdfTbBqBPQ7VNxZEYEj14VmRuZBkqFbiwReogJgS1zR1n",
    "problem_size": 28,
    "problem_difficulty": 2.6,
    "problem_type": "unknown",
    "problem_constraints": 0,
    "solve_time": 10.0,
    "verify_time": 0.0,
    "memory_used": 378,
    "energy_used": 0.0,
    "solution_quality": 0.0,
    "algorithm": "unknown",
    "time_asymmetry": 25.0,
    "space_asymmetry": 13.5,
    "problem_weight": 3.64,
    "complexity_multiplier": 0.0,
    "gas_used": 0,
    "work_score": 0.0,
    "miner_address": "unknown",
    "block_hash": "",
    "previous_hash": "",
    "mining_efficiency": 0.0,
    "ipfs_data": null,
    "raw_problem_data": null,
    "raw_solution_data": null
  },
  {
    "block_height": 10788,
    "timestamp": 1761440663.4473476,
    "cid": "QmdfTbBqBPQ7VNxZEYEj14VmRuZBkqFbiwReogJgS1zR1n",
    "problem_size": 28,
    "problem_difficulty": 2.6,
    "problem_type": "unknown",
    "problem_constraints": 0,
    "solve_time": 10.0,
    "verify_time": 0.0,
    "memory_used": 378,
    "energy_used": 0.0,
    "solution_quality": 0.0,
    "algorithm": "unknown",
    "time_asymmetry": 25.0,
    "space_asymmetry": 13.5,
    "problem_weight": 3.64,
    "complexity_multiplier": 0.0,
    "gas_used": 0,
    "work_score": 0.0,
    "miner_address": "unknown",
    "block_hash": "",
    "previous_hash": "",
    "mining_efficiency": 0.0,
    "ipfs_data": null,
    "raw_problem_data": null,
    "raw_solution_data": null
  },
  {
    "block_height": 10789,
    "timestamp": 1761440664.247451,
    "cid": "Qm36e7a8861edb4c5b56e56a852dbfe965b158fe6f90b0",
    "problem_size": 17,
    "problem_difficulty": 2.4000000000000004,
    "problem_type": "unknown",
    "problem_constraints": 0,
    "solve_time": 4.5,
    "verify_time": 0.0,
    "memory_used": 197,
    "energy_used": 0.0,
    "solution_quality": 0.0,
    "algorithm": "unknown",
    "time_asymmetry": 14.999999999999998,
    "space_asymmetry": 11.588235294117649,
    "problem_weight": 3.120000000000001,
    "complexity_multiplier": 0.0,
    "gas_used": 0,
    "work_score": 0.0,
    "miner_address": "unknown",
    "block_hash": "",
    "previous_hash": "",
    "mining_efficiency": 0.0,
    "ipfs_data": null,
    "raw_problem_data": null,
    "raw_solution_data": null
  },
  {
    "block_height": 10790,
    "timestamp": 1761440666.2068,
    "cid": "QmdfTbBqBPQ7VNxZEYEj14VmRuZBkqFbiwReogJgS1zR1n",
    "problem_size": 28,
    "problem_difficulty": 2.6,
    "problem_type": "unknown",
    "problem_constraints": 0,
    "solve_time": 10.0,
    "verify_time": 0.0,
    "memory_used": 378,
    "energy_used": 0.0,
    "solution_quality": 0.0,
    "algorithm": "unknown",
    "time_asymmetry": 25.0,
    "space_asymmetry": 13.5,
    "problem_weight": 3.64,
    "complexity_multiplier": 0.0,
    "gas_used": 0,
    "work_score": 0.0,
    "miner_address": "unknown",
    "block_hash": "",
    "previous_hash": "",
    "mining_efficiency": 0.0,
    "ipfs_data": null,
    "raw_problem_data": null,
    "raw_solution_data": null
  },
  {
    "block_height": 10791,
    "timestamp": 1761440668.4819152,
    "cid": "Qm669c83804364c7af23710f9cef3f24594986ee8880fd",
    "problem_size": 14,
    "problem_difficulty": 1.8,
    "problem_type": "unknown",
    "problem_constraints": 0,
    "solve_time": 3.0,
    "verify_time": 0.0,
    "memory_used": 224,
    "energy_used": 0.0,
    "solution_quality": 0.0,
    "algorithm": "unknown",
    "time_asymmetry": 6.0,
    "space_asymmetry": 16.0,
    "problem_weight": 2.7,
    "complexity_multiplier": 0.0,
    "gas_used": 0,
    "work_score": 0.0,
    "miner_address": "unknown",
    "block_hash": "",
    "previous_hash": "",
    "mining_efficiency": 0.0,
    "ipfs_data": null,
    "raw_problem_data": null,
    "raw_solution_data": null
  },
  {
    "block_height": 10792,
    "timestamp": 1761440668.8737054,
    "cid": "QmdfTbBqBPQ7VNxZEYEj14VmRuZBkqFbiwReogJgS1zR1n",
    "problem_size": 28,
    "problem_difficulty": 2.6,
    "problem_type": "unknown",
    "problem_constraints": 0,
    "solve_time": 10.0,
    "verify_time": 0.0,
    "memory_used": 378,
    "energy_used": 0.0,
    "solution_quality": 0.0,
    "algorithm": "unknown",
    "time_asymmetry": 25.0,
    "space_asymmetry": 13.5,
    "problem_weight": 3.64,
    "complexity_multiplier": 0.0,
    "gas_used": 0,
    "work_score": 0.0,
    "miner_address": "unknown",
    "block_hash": "",
    "previous_hash": "",
    "mining_efficiency": 0.0,
    "ipfs_data": null,
    "raw_problem_data": null,
    "raw_solution_data": null
  },
  {
    "block_height": 10793,
    "timestamp": 1761440671.0653572,
    "cid": "QmdfTbBqBPQ7VNxZEYEj14VmRuZBkqFbiwReogJgS1zR1n",
    "problem_size": 28,
    "problem_difficulty": 2.6,
    "problem_type": "unknown",
    "problem_constraints": 0,
    "solve_time": 10.0,
    "verify_time": 0.0,
    "memory_used": 378,
    "energy_used": 0.0,
    "solution_quality": 0.0,
    "algorithm": "unknown",
    "time_asymmetry": 25.0,
    "space_asymmetry": 13.5,
    "problem_weight": 3.64,
    "complexity_multiplier": 0.0,
    "gas_used": 0,
    "work_score": 0.0,
    "miner_address": "unknown",
    "block_hash": "",
    "previous_hash": "",
    "mining_efficiency": 0.0,
    "ipfs_data": null,
    "raw_problem_data": null,
    "raw_solution_data": null
  },
  {
    "block_height": 10794,
    "timestamp": 1761440673.873123,
    "cid": "QmdfTbBqBPQ7VNxZEYEj14VmRuZBkqFbiwReogJgS1zR1n",
    "problem_size": 28,
    "problem_difficulty": 2.6,
    "problem_type": "unknown",
    "problem_constraints": 0,
    "solve_time": 10.0,
    "verify_time": 0.0,
    "memory_used": 378,
    "energy_used": 0.0,
    "solution_quality": 0.0,
    "algorithm": "unknown",
    "time_asymmetry": 25.0,
    "space_asymmetry": 13.5,
    "problem_weight": 3.64,
    "complexity_multiplier": 0.0,
    "gas_used": 0,
    "work_score": 0.0,
    "miner_address": "unknown",
    "block_hash": "",
    "previous_hash": "",
    "mining_efficiency": 0.0,
    "ipfs_data": null,
    "raw_problem_data": null,
    "raw_solution_data": null
  },
  {
    "block_height": 10795,
    "timestamp": 1761440675.7848048,
    "cid": "QmdfTbBqBPQ7VNxZEYEj14VmRuZBkqFbiwReogJgS1zR1n",
    "problem_size": 28,
    "problem_difficulty": 2.6,
    "problem_type": "unknown",
    "problem_constraints": 0,
    "solve_time": 10.0,
    "verify_time": 0.0,
    "memory_used": 378,
    "energy_used": 0.0,
    "solution_quality": 0.0,
    "algorithm": "unknown",
    "time_asymmetry": 25.0,
    "space_asymmetry": 13.5,
    "problem_weight": 3.64,
    "complexity_multiplier": 0.0,
    "gas_used": 0,
    "work_score": 0.0,
    "miner_address": "unknown",
    "block_hash": "",
    "previous_hash": "",
    "mining_efficiency": 0.0,
    "ipfs_data": null,
    "raw_problem_data": null,
    "raw_solution_data": null
  },
  {
    "block_height": 10796,
    "timestamp": 1761440676.7492137,
    "cid": "Qmd78d8b4396226f552920720ee73fbf9642defc3c2e9a",
    "problem_size": 10,
    "problem_difficulty": 1.0,
    "problem_type": "unknown",
    "problem_constraints": 0,
    "solve_time": 1.0,
    "verify_time": 0.0,
    "memory_used": 180,
    "energy_used": 0.0,
    "solution_quality": 0.0,
    "algorithm": "unknown",
    "time_asymmetry": 10.0,
    "space_asymmetry": 18.0,
    "problem_weight": 1.1,
    "complexity_multiplier": 0.0,
    "gas_used": 0,
    "work_score": 0.0,
    "miner_address": "unknown",
    "block_hash": "",
    "previous_hash": "",
    "mining_efficiency": 0.0,
    "ipfs_data": null,
    "raw_problem_data": null,
    "raw_solution_data": null
  },
  {
    "block_height": 10797,
    "timestamp": 1761440677.7954688,
    "cid": "QmdfTbBqBPQ7VNxZEYEj14VmRuZBkqFbiwReogJgS1zR1n",
    "problem_size": 28,
    "problem_difficulty": 2.6,
    "problem_type": "unknown",
    "problem_constraints": 0,
    "solve_time": 10.0,
    "verify_time": 0.0,
    "memory_used": 378,
    "energy_used": 0.0,
    "solution_quality": 0.0,
    "algorithm": "unknown",
    "time_asymmetry": 25.0,
    "space_asymmetry": 13.5,
    "problem_weight": 3.64,
    "complexity_multiplier": 0.0,
    "gas_used": 0,
    "work_score": 0.0,
    "miner_address": "unknown",
    "block_hash": "",
    "previous_hash": "",
    "mining_efficiency": 0.0,
    "ipfs_data": null,
    "raw_problem_data": null,
    "raw_solution_data": null
  },
  {
    "block_height": 10798,
    "timestamp": 1761440679.8520222,
    "cid": "QmdfTbBqBPQ7VNxZEYEj14VmRuZBkqFbiwReogJgS1zR1n",
    "problem_size": 28,
    "problem_difficulty": 2.6,
    "problem_type": "unknown",
    "problem_constraints": 0,
    "solve_time": 10.0,
    "verify_time": 0.0,
    "memory_used": 378,
    "energy_used": 0.0,
    "solution_quality": 0.0,
    "algorithm": "unknown",
    "time_asymmetry": 25.0,
    "space_asymmetry": 13.5,
    "problem_weight": 3.64,
    "complexity_multiplier": 0.0,
    "gas_used": 0,
    "work_score": 0.0,
    "miner_address": "unknown",
    "block_hash": "",
    "previous_hash": "",
    "mining_efficiency": 0.0,
    "ipfs_data": null,
    "raw_problem_data": null,
    "raw_solution_data": null
  },
  {
    "block_height": 10799,
    "timestamp": 1761440680.9328356,
    "cid": "Qm8c5534c3a5f6a603f656b9f0ba4b8d7e2d03b0b30e8d",
    "problem_size": 28,
    "problem_difficulty": 2.6,
    "problem_type": "unknown",
    "problem_constraints": 0,
    "solve_time": 10.0,
    "verify_time": 0.0,
    "memory_used": 378,
    "energy_used": 0.0,
    "solution_quality": 0.0,
    "algorithm": "unknown",
    "time_asymmetry": 25.0,
    "space_asymmetry": 13.5,
    "problem_weight": 3.64,
    "complexity_multiplier": 0.0,
    "gas_used": 0,
    "work_score": 0.0,
    "miner_address": "unknown",
    "block_hash": "",
    "previous_hash": "",
    "mining_efficiency": 0.0,
    "ipfs_data": null,
    "raw_problem_data": null,
    "raw_solution_data": null
  },
  {
    "block_height": 10800,
    "timestamp": 1761440682.0324168,
    "cid": "QmdfTbBqBPQ7VNxZEYEj14VmRuZBkqFbiwReogJgS1zR1n",
    "problem_size": 28,
    "problem_difficulty": 2.6,
    "problem_type": "unknown",
    "problem_constraints": 0,
    "solve_time": 10.0,
    "verify_time": 0.0,
    "memory_used": 378,
    "energy_used": 0.0,
    "solution_quality": 0.0,
    "algorithm": "unknown",
    "time_asymmetry": 25.0,
    "space_asymmetry": 13.5,
    "problem_weight": 3.64,
    "complexity_multiplier": 0.0,
    "gas_used": 0,
    "work_score": 0.0,
    "miner_address": "unknown",
    "block_hash": "",
    "previous_hash": "",
    "mining_efficiency": 0.0,
    "ipfs_data": null,
    "raw_problem_data": null,
    "raw_solution_data": null
  },
  {
    "block_height": 10801,
    "timestamp": 1761440684.0758548,
    "cid": "QmdfTbBqBPQ7VNxZEYEj14VmRuZBkqFbiwReogJgS1zR1n",
    "problem_size": 28,
    "problem_difficulty": 2.6,
    "problem_type": "unknown",
    "problem_constraints": 0,
    "solve_time": 10.0,
    "verify_time": 0.0,
    "memory_used": 378,
    "energy_used": 0.0,
    "solution_quality": 0.0,
    "algorithm": "unknown",
    "time_asymmetry": 25.0,
    "space_asymmetry": 13.5,
    "problem_weight": 3.64,
    "complexity_multiplier": 0.0,
    "gas_used": 0,
    "work_score": 0.0,
    "miner_address": "unknown",
    "block_hash": "",
    "previous_hash": "",
    "mining_efficiency": 0.0,
    "ipfs_data": null,
    "raw_problem_data": null,
    "raw_solution_data": null
  },
  {
    "block_height": 10802,
    "timestamp": 1761440685.1277294,
    "cid": "Qmef98f17dc1d82dec14f4339b674c877449da77d15508",
    "problem_size": 19,
    "problem_difficulty": 2.8,
    "problem_type": "unknown",
    "problem_constraints": 0,
    "solve_time": 5.5,
    "verify_time": 0.0,
    "memory_used": 259,
    "energy_used": 0.0,
    "solution_quality": 0.0,
    "algorithm": "unknown",
    "time_asymmetry": 11.0,
    "space_asymmetry": 13.63157894736842,
    "problem_weight": 4.199999999999999,
    "complexity_multiplier": 0.0,
    "gas_used": 0,
    "work_score": 0.0,
    "miner_address": "unknown",
    "block_hash": "",
    "previous_hash": "",
    "mining_efficiency": 0.0,
    "ipfs_data": null,
    "raw_problem_data": null,
    "raw_solution_data": null
  },
  {
    "block_height": 10803,
    "timestamp": 1761440688.049966,
    "cid": "QmdfTbBqBPQ7VNxZEYEj14VmRuZBkqFbiwReogJgS1zR1n",
    "problem_size": 28,
    "problem_difficulty": 2.6,
    "problem_type": "unknown",
    "problem_constraints": 0,
    "solve_time": 10.0,
    "verify_time": 0.0,
    "memory_used": 378,
    "energy_used": 0.0,
    "solution_quality": 0.0,
    "algorithm": "unknown",
    "time_asymmetry": 25.0,
    "space_asymmetry": 13.5,
    "problem_weight": 3.64,
    "complexity_multiplier": 0.0,
    "gas_used": 0,
    "work_score": 0.0,
    "miner_address": "unknown",
    "block_hash": "",
    "previous_hash": "",
    "mining_efficiency": 0.0,
    "ipfs_data": null,
    "raw_problem_data": null,
    "raw_solution_data": null
  },
  {
    "block_height": 10804,
    "timestamp": 1761440689.334708,
    "cid": "Qm36967c961b364d204753a27250f8974edf21bd38317d",
    "problem_size": 20,
    "problem_difficulty": 1.0,
    "problem_type": "unknown",
    "problem_constraints": 0,
    "solve_time": 6.0,
    "verify_time": 0.0,
    "memory_used": 270,
    "energy_used": 0.0,
    "solution_quality": 0.0,
    "algorithm": "unknown",
    "time_asymmetry": 60.0,
    "space_asymmetry": 13.5,
    "problem_weight": 1.1,
    "complexity_multiplier": 0.0,
    "gas_used": 0,
    "work_score": 0.0,
    "miner_address": "unknown",
    "block_hash": "",
    "previous_hash": "",
    "mining_efficiency": 0.0,
    "ipfs_data": null,
    "raw_problem_data": null,
    "raw_solution_data": null
  },
  {
    "block_height": 10805,
    "timestamp": 1761440690.154975,
    "cid": "QmdfTbBqBPQ7VNxZEYEj14VmRuZBkqFbiwReogJgS1zR1n",
    "problem_size": 28,
    "problem_difficulty": 2.6,
    "problem_type": "unknown",
    "problem_constraints": 0,
    "solve_time": 10.0,
    "verify_time": 0.0,
    "memory_used": 378,
    "energy_used": 0.0,
    "solution_quality": 0.0,
    "algorithm": "unknown",
    "time_asymmetry": 25.0,
    "space_asymmetry": 13.5,
    "problem_weight": 3.64,
    "complexity_multiplier": 0.0,
    "gas_used": 0,
    "work_score": 0.0,
    "miner_address": "unknown",
    "block_hash": "",
    "previous_hash": "",
    "mining_efficiency": 0.0,
    "ipfs_data": null,
    "raw_problem_data": null,
    "raw_solution_data": null
  },
  {
    "block_height": 10806,
    "timestamp": 1761440692.196869,
    "cid": "QmdfTbBqBPQ7VNxZEYEj14VmRuZBkqFbiwReogJgS1zR1n",
    "problem_size": 28,
    "problem_difficulty": 2.6,
    "problem_type": "unknown",
    "problem_constraints": 0,
    "solve_time": 10.0,
    "verify_time": 0.0,
    "memory_used": 378,
    "energy_used": 0.0,
    "solution_quality": 0.0,
    "algorithm": "unknown",
    "time_asymmetry": 25.0,
    "space_asymmetry": 13.5,
    "problem_weight": 3.64,
    "complexity_multiplier": 0.0,
    "gas_used": 0,
    "work_score": 0.0,
    "miner_address": "unknown",
    "block_hash": "",
    "previous_hash": "",
    "mining_efficiency": 0.0,
    "ipfs_data": null,
    "raw_problem_data": null,
    "raw_solution_data": null
  },
  {
    "block_height": 10807,
    "timestamp": 1761440693.5431736,
    "cid": "Qm643fafcfcfb285f127d6db161d395996c4aa88cf2d5a",
    "problem_size": 25,
    "problem_difficulty": 2.0,
    "problem_type": "unknown",
    "problem_constraints": 0,
    "solve_time": 8.5,
    "verify_time": 0.0,
    "memory_used": 345,
    "energy_used": 0.0,
    "solution_quality": 0.0,
    "algorithm": "unknown",
    "time_asymmetry": 85.0,
    "space_asymmetry": 13.8,
    "problem_weight": 2.2,
    "complexity_multiplier": 0.0,
    "gas_used": 0,
    "work_score": 0.0,
    "miner_address": "unknown",
    "block_hash": "",
    "previous_hash": "",
    "mining_efficiency": 0.0,
    "ipfs_data": null,
    "raw_problem_data": null,
    "raw_solution_data": null
  },
  {
    "block_height": 10808,
    "timestamp": 1761440694.2425723,
    "cid": "QmdfTbBqBPQ7VNxZEYEj14VmRuZBkqFbiwReogJgS1zR1n",
    "problem_size": 28,
    "problem_difficulty": 2.6,
    "problem_type": "unknown",
    "problem_constraints": 0,
    "solve_time": 10.0,
    "verify_time": 0.0,
    "memory_used": 378,
    "energy_used": 0.0,
    "solution_quality": 0.0,
    "algorithm": "unknown",
    "time_asymmetry": 25.0,
    "space_asymmetry": 13.5,
    "problem_weight": 3.64,
    "complexity_multiplier": 0.0,
    "gas_used": 0,
    "work_score": 0.0,
    "miner_address": "unknown",
    "block_hash": "",
    "previous_hash": "",
    "mining_efficiency": 0.0,
    "ipfs_data": null,
    "raw_problem_data": null,
    "raw_solution_data": null
  },
  {
    "block_height": 10809,
    "timestamp": 1761440697.7303135,
    "cid": "Qmaee1805f6f7e184b16b61b0a54b432c7e324b30c854a",
    "problem_size": 10,
    "problem_difficulty": 1.0,
    "problem_type": "unknown",
    "problem_constraints": 0,
    "solve_time": 1.0,
    "verify_time": 0.0,
    "memory_used": 140,
    "energy_used": 0.0,
    "solution_quality": 0.0,
    "algorithm": "unknown",
    "time_asymmetry": 10.0,
    "space_asymmetry": 14.0,
    "problem_weight": 1.1,
    "complexity_multiplier": 0.0,
    "gas_used": 0,
    "work_score": 0.0,
    "miner_address": "unknown",
    "block_hash": "",
    "previous_hash": "",
    "mining_efficiency": 0.0,
    "ipfs_data": null,
    "raw_problem_data": null,
    "raw_solution_data": null
  },
  {
    "block_height": 10810,
    "timestamp": 1761440698.0267794,
    "cid": "QmdfTbBqBPQ7VNxZEYEj14VmRuZBkqFbiwReogJgS1zR1n",
    "problem_size": 28,
    "problem_difficulty": 2.6,
    "problem_type": "unknown",
    "problem_constraints": 0,
    "solve_time": 10.0,
    "verify_time": 0.0,
    "memory_used": 378,
    "energy_used": 0.0,
    "solution_quality": 0.0,
    "algorithm": "unknown",
    "time_asymmetry": 25.0,
    "space_asymmetry": 13.5,
    "problem_weight": 3.64,
    "complexity_multiplier": 0.0,
    "gas_used": 0,
    "work_score": 0.0,
    "miner_address": "unknown",
    "block_hash": "",
    "previous_hash": "",
    "mining_efficiency": 0.0,
    "ipfs_data": null,
    "raw_problem_data": null,
    "raw_solution_data": null
  },
  {
    "block_height": 10811,
    "timestamp": 1761440700.409413,
    "cid": "QmdfTbBqBPQ7VNxZEYEj14VmRuZBkqFbiwReogJgS1zR1n",
    "problem_size": 28,
    "problem_difficulty": 2.6,
    "problem_type": "unknown",
    "problem_constraints": 0,
    "solve_time": 10.0,
    "verify_time": 0.0,
    "memory_used": 378,
    "energy_used": 0.0,
    "solution_quality": 0.0,
    "algorithm": "unknown",
    "time_asymmetry": 25.0,
    "space_asymmetry": 13.5,
    "problem_weight": 3.64,
    "complexity_multiplier": 0.0,
    "gas_used": 0,
    "work_score": 0.0,
    "miner_address": "unknown",
    "block_hash": "",
    "previous_hash": "",
    "mining_efficiency": 0.0,
    "ipfs_data": null,
    "raw_problem_data": null,
    "raw_solution_data": null
  },
  {
    "block_height": 10812,
    "timestamp": 1761440701.922857,
    "cid": "Qm40e91da03a9ad9bc954059bfd0bc82d3ac2f913c2122",
    "problem_size": 24,
    "problem_difficulty": 1.8,
    "problem_type": "unknown",
    "problem_constraints": 0,
    "solve_time": 8.0,
    "verify_time": 0.0,
    "memory_used": 334,
    "energy_used": 0.0,
    "solution_quality": 0.0,
    "algorithm": "unknown",
    "time_asymmetry": 16.0,
    "space_asymmetry": 13.916666666666666,
    "problem_weight": 2.7,
    "complexity_multiplier": 0.0,
    "gas_used": 0,
    "work_score": 0.0,
    "miner_address": "unknown",
    "block_hash": "",
    "previous_hash": "",
    "mining_efficiency": 0.0,
    "ipfs_data": null,
    "raw_problem_data": null,
    "raw_solution_data": null
  },
  {
    "block_height": 10813,
    "timestamp": 1761440702.4053705,
    "cid": "QmdfTbBqBPQ7VNxZEYEj14VmRuZBkqFbiwReogJgS1zR1n",
    "problem_size": 28,
    "problem_difficulty": 2.6,
    "problem_type": "unknown",
    "problem_constraints": 0,
    "solve_time": 10.0,
    "verify_time": 0.0,
    "memory_used": 378,
    "energy_used": 0.0,
    "solution_quality": 0.0,
    "algorithm": "unknown",
    "time_asymmetry": 25.0,
    "space_asymmetry": 13.5,
    "problem_weight": 3.64,
    "complexity_multiplier": 0.0,
    "gas_used": 0,
    "work_score": 0.0,
    "miner_address": "unknown",
    "block_hash": "",
    "previous_hash": "",
    "mining_efficiency": 0.0,
    "ipfs_data": null,
    "raw_problem_data": null,
    "raw_solution_data": null
  },
  {
    "block_height": 10814,
    "timestamp": 1761440704.644772,
    "cid": "QmdfTbBqBPQ7VNxZEYEj14VmRuZBkqFbiwReogJgS1zR1n",
    "problem_size": 28,
    "problem_difficulty": 2.6,
    "problem_type": "unknown",
    "problem_constraints": 0,
    "solve_time": 10.0,
    "verify_time": 0.0,
    "memory_used": 378,
    "energy_used": 0.0,
    "solution_quality": 0.0,
    "algorithm": "unknown",
    "time_asymmetry": 25.0,
    "space_asymmetry": 13.5,
    "problem_weight": 3.64,
    "complexity_multiplier": 0.0,
    "gas_used": 0,
    "work_score": 0.0,
    "miner_address": "unknown",
    "block_hash": "",
    "previous_hash": "",
    "mining_efficiency": 0.0,
    "ipfs_data": null,
    "raw_problem_data": null,
    "raw_solution_data": null
  },
  {
    "block_height": 10815,
    "timestamp": 1761440706.1562724,
    "cid": "Qm6d668df763563d115d340e68fccf5159969d08226ef5",
    "problem_size": 12,
    "problem_difficulty": 1.4,
    "problem_type": "unknown",
    "problem_constraints": 0,
    "solve_time": 2.0,
    "verify_time": 0.0,
    "memory_used": 202,
    "energy_used": 0.0,
    "solution_quality": 0.0,
    "algorithm": "unknown",
    "time_asymmetry": 6.666666666666666,
    "space_asymmetry": 16.833333333333332,
    "problem_weight": 1.82,
    "complexity_multiplier": 0.0,
    "gas_used": 0,
    "work_score": 0.0,
    "miner_address": "unknown",
    "block_hash": "",
    "previous_hash": "",
    "mining_efficiency": 0.0,
    "ipfs_data": null,
    "raw_problem_data": null,
    "raw_solution_data": null
  },
  {
    "block_height": 10816,
    "timestamp": 1761440706.6429389,
    "cid": "QmdfTbBqBPQ7VNxZEYEj14VmRuZBkqFbiwReogJgS1zR1n",
    "problem_size": 28,
    "problem_difficulty": 2.6,
    "problem_type": "unknown",
    "problem_constraints": 0,
    "solve_time": 10.0,
    "verify_time": 0.0,
    "memory_used": 378,
    "energy_used": 0.0,
    "solution_quality": 0.0,
    "algorithm": "unknown",
    "time_asymmetry": 25.0,
    "space_asymmetry": 13.5,
    "problem_weight": 3.64,
    "complexity_multiplier": 0.0,
    "gas_used": 0,
    "work_score": 0.0,
    "miner_address": "unknown",
    "block_hash": "",
    "previous_hash": "",
    "mining_efficiency": 0.0,
    "ipfs_data": null,
    "raw_problem_data": null,
    "raw_solution_data": null
  },
  {
    "block_height": 10817,
    "timestamp": 1761440708.5899596,
    "cid": "QmdfTbBqBPQ7VNxZEYEj14VmRuZBkqFbiwReogJgS1zR1n",
    "problem_size": 28,
    "problem_difficulty": 2.6,
    "problem_type": "unknown",
    "problem_constraints": 0,
    "solve_time": 10.0,
    "verify_time": 0.0,
    "memory_used": 378,
    "energy_used": 0.0,
    "solution_quality": 0.0,
    "algorithm": "unknown",
    "time_asymmetry": 25.0,
    "space_asymmetry": 13.5,
    "problem_weight": 3.64,
    "complexity_multiplier": 0.0,
    "gas_used": 0,
    "work_score": 0.0,
    "miner_address": "unknown",
    "block_hash": "",
    "previous_hash": "",
    "mining_efficiency": 0.0,
    "ipfs_data": null,
    "raw_problem_data": null,
    "raw_solution_data": null
  },
  {
    "block_height": 10818,
    "timestamp": 1761440710.3487034,
    "cid": "Qm64a058d91c1c8e298d86a163819d917fdec8becc6f83",
    "problem_size": 17,
    "problem_difficulty": 2.4000000000000004,
    "problem_type": "unknown",
    "problem_constraints": 0,
    "solve_time": 4.5,
    "verify_time": 0.0,
    "memory_used": 177,
    "energy_used": 0.0,
    "solution_quality": 0.0,
    "algorithm": "unknown",
    "time_asymmetry": 14.999999999999998,
    "space_asymmetry": 10.411764705882351,
    "problem_weight": 3.120000000000001,
    "complexity_multiplier": 0.0,
    "gas_used": 0,
    "work_score": 0.0,
    "miner_address": "unknown",
    "block_hash": "",
    "previous_hash": "",
    "mining_efficiency": 0.0,
    "ipfs_data": null,
    "raw_problem_data": null,
    "raw_solution_data": null
  },
  {
    "block_height": 10819,
    "timestamp": 1761440710.7076695,
    "cid": "QmdfTbBqBPQ7VNxZEYEj14VmRuZBkqFbiwReogJgS1zR1n",
    "problem_size": 28,
    "problem_difficulty": 2.6,
    "problem_type": "unknown",
    "problem_constraints": 0,
    "solve_time": 10.0,
    "verify_time": 0.0,
    "memory_used": 378,
    "energy_used": 0.0,
    "solution_quality": 0.0,
    "algorithm": "unknown",
    "time_asymmetry": 25.0,
    "space_asymmetry": 13.5,
    "problem_weight": 3.64,
    "complexity_multiplier": 0.0,
    "gas_used": 0,
    "work_score": 0.0,
    "miner_address": "unknown",
    "block_hash": "",
    "previous_hash": "",
    "mining_efficiency": 0.0,
    "ipfs_data": null,
    "raw_problem_data": null,
    "raw_solution_data": null
  },
  {
    "block_height": 10820,
    "timestamp": 1761440712.7044008,
    "cid": "QmdfTbBqBPQ7VNxZEYEj14VmRuZBkqFbiwReogJgS1zR1n",
    "problem_size": 28,
    "problem_difficulty": 2.6,
    "problem_type": "unknown",
    "problem_constraints": 0,
    "solve_time": 10.0,
    "verify_time": 0.0,
    "memory_used": 378,
    "energy_used": 0.0,
    "solution_quality": 0.0,
    "algorithm": "unknown",
    "time_asymmetry": 25.0,
    "space_asymmetry": 13.5,
    "problem_weight": 3.64,
    "complexity_multiplier": 0.0,
    "gas_used": 0,
    "work_score": 0.0,
    "miner_address": "unknown",
    "block_hash": "",
    "previous_hash": "",
    "mining_efficiency": 0.0,
    "ipfs_data": null,
    "raw_problem_data": null,
    "raw_solution_data": null
  },
  {
    "block_height": 10821,
    "timestamp": 1761440714.5404534,
    "cid": "Qm3d752ca375c7b6f1d209f823bf707aee0eb28eb86790",
    "problem_size": 16,
    "problem_difficulty": 2.2,
    "problem_type": "unknown",
    "problem_constraints": 0,
    "solve_time": 4.0,
    "verify_time": 0.0,
    "memory_used": 206,
    "energy_used": 0.0,
    "solution_quality": 0.0,
    "algorithm": "unknown",
    "time_asymmetry": 20.0,
    "space_asymmetry": 12.875,
    "problem_weight": 2.64,
    "complexity_multiplier": 0.0,
    "gas_used": 0,
    "work_score": 0.0,
    "miner_address": "unknown",
    "block_hash": "",
    "previous_hash": "",
    "mining_efficiency": 0.0,
    "ipfs_data": null,
    "raw_problem_data": null,
    "raw_solution_data": null
  },
  {
    "block_height": 10822,
    "timestamp": 1761440714.7099314,
    "cid": "QmdfTbBqBPQ7VNxZEYEj14VmRuZBkqFbiwReogJgS1zR1n",
    "problem_size": 28,
    "problem_difficulty": 2.6,
    "problem_type": "unknown",
    "problem_constraints": 0,
    "solve_time": 10.0,
    "verify_time": 0.0,
    "memory_used": 378,
    "energy_used": 0.0,
    "solution_quality": 0.0,
    "algorithm": "unknown",
    "time_asymmetry": 25.0,
    "space_asymmetry": 13.5,
    "problem_weight": 3.64,
    "complexity_multiplier": 0.0,
    "gas_used": 0,
    "work_score": 0.0,
    "miner_address": "unknown",
    "block_hash": "",
    "previous_hash": "",
    "mining_efficiency": 0.0,
    "ipfs_data": null,
    "raw_problem_data": null,
    "raw_solution_data": null
  },
  {
    "block_height": 10823,
    "timestamp": 1761440716.7365243,
    "cid": "QmdfTbBqBPQ7VNxZEYEj14VmRuZBkqFbiwReogJgS1zR1n",
    "problem_size": 28,
    "problem_difficulty": 2.6,
    "problem_type": "unknown",
    "problem_constraints": 0,
    "solve_time": 10.0,
    "verify_time": 0.0,
    "memory_used": 378,
    "energy_used": 0.0,
    "solution_quality": 0.0,
    "algorithm": "unknown",
    "time_asymmetry": 25.0,
    "space_asymmetry": 13.5,
    "problem_weight": 3.64,
    "complexity_multiplier": 0.0,
    "gas_used": 0,
    "work_score": 0.0,
    "miner_address": "unknown",
    "block_hash": "",
    "previous_hash": "",
    "mining_efficiency": 0.0,
    "ipfs_data": null,
    "raw_problem_data": null,
    "raw_solution_data": null
  },
  {
    "block_height": 10824,
    "timestamp": 1761440718.731956,
    "cid": "Qm7a9f7514e3e25711d09fefbb87fe1fe319e83720c08c",
    "problem_size": 29,
    "problem_difficulty": 2.8,
    "problem_type": "unknown",
    "problem_constraints": 0,
    "solve_time": 10.5,
    "verify_time": 0.0,
    "memory_used": 329,
    "energy_used": 0.0,
    "solution_quality": 0.0,
    "algorithm": "unknown",
    "time_asymmetry": 21.0,
    "space_asymmetry": 11.344827586206897,
    "problem_weight": 4.199999999999999,
    "complexity_multiplier": 0.0,
    "gas_used": 0,
    "work_score": 0.0,
    "miner_address": "unknown",
    "block_hash": "",
    "previous_hash": "",
    "mining_efficiency": 0.0,
    "ipfs_data": null,
    "raw_problem_data": null,
    "raw_solution_data": null
  },
  {
    "block_height": 10825,
    "timestamp": 1761440718.8276684,
    "cid": "QmdfTbBqBPQ7VNxZEYEj14VmRuZBkqFbiwReogJgS1zR1n",
    "problem_size": 28,
    "problem_difficulty": 2.6,
    "problem_type": "unknown",
    "problem_constraints": 0,
    "solve_time": 10.0,
    "verify_time": 0.0,
    "memory_used": 378,
    "energy_used": 0.0,
    "solution_quality": 0.0,
    "algorithm": "unknown",
    "time_asymmetry": 25.0,
    "space_asymmetry": 13.5,
    "problem_weight": 3.64,
    "complexity_multiplier": 0.0,
    "gas_used": 0,
    "work_score": 0.0,
    "miner_address": "unknown",
    "block_hash": "",
    "previous_hash": "",
    "mining_efficiency": 0.0,
    "ipfs_data": null,
    "raw_problem_data": null,
    "raw_solution_data": null
  },
  {
    "block_height": 10826,
    "timestamp": 1761440720.803211,
    "cid": "QmdfTbBqBPQ7VNxZEYEj14VmRuZBkqFbiwReogJgS1zR1n",
    "problem_size": 28,
    "problem_difficulty": 2.6,
    "problem_type": "unknown",
    "problem_constraints": 0,
    "solve_time": 10.0,
    "verify_time": 0.0,
    "memory_used": 378,
    "energy_used": 0.0,
    "solution_quality": 0.0,
    "algorithm": "unknown",
    "time_asymmetry": 25.0,
    "space_asymmetry": 13.5,
    "problem_weight": 3.64,
    "complexity_multiplier": 0.0,
    "gas_used": 0,
    "work_score": 0.0,
    "miner_address": "unknown",
    "block_hash": "",
    "previous_hash": "",
    "mining_efficiency": 0.0,
    "ipfs_data": null,
    "raw_problem_data": null,
    "raw_solution_data": null
  },
  {
    "block_height": 10827,
    "timestamp": 1761440722.775331,
    "cid": "QmdfTbBqBPQ7VNxZEYEj14VmRuZBkqFbiwReogJgS1zR1n",
    "problem_size": 28,
    "problem_difficulty": 2.6,
    "problem_type": "unknown",
    "problem_constraints": 0,
    "solve_time": 10.0,
    "verify_time": 0.0,
    "memory_used": 378,
    "energy_used": 0.0,
    "solution_quality": 0.0,
    "algorithm": "unknown",
    "time_asymmetry": 25.0,
    "space_asymmetry": 13.5,
    "problem_weight": 3.64,
    "complexity_multiplier": 0.0,
    "gas_used": 0,
    "work_score": 0.0,
    "miner_address": "unknown",
    "block_hash": "",
    "previous_hash": "",
    "mining_efficiency": 0.0,
    "ipfs_data": null,
    "raw_problem_data": null,
    "raw_solution_data": null
  },
  {
    "block_height": 10828,
    "timestamp": 1761440722.9235277,
    "cid": "Qmdb8ea6416cf6aa57ce8db3c94f15251d471f8ce3f04b",
    "problem_size": 12,
    "problem_difficulty": 1.4,
    "problem_type": "unknown",
    "problem_constraints": 0,
    "solve_time": 2.0,
    "verify_time": 0.0,
    "memory_used": 182,
    "energy_used": 0.0,
    "solution_quality": 0.0,
    "algorithm": "unknown",
    "time_asymmetry": 6.666666666666666,
    "space_asymmetry": 15.166666666666666,
    "problem_weight": 1.82,
    "complexity_multiplier": 0.0,
    "gas_used": 0,
    "work_score": 0.0,
    "miner_address": "unknown",
    "block_hash": "",
    "previous_hash": "",
    "mining_efficiency": 0.0,
    "ipfs_data": null,
    "raw_problem_data": null,
    "raw_solution_data": null
  },
  {
    "block_height": 10829,
    "timestamp": 1761440724.8735294,
    "cid": "QmdfTbBqBPQ7VNxZEYEj14VmRuZBkqFbiwReogJgS1zR1n",
    "problem_size": 28,
    "problem_difficulty": 2.6,
    "problem_type": "unknown",
    "problem_constraints": 0,
    "solve_time": 10.0,
    "verify_time": 0.0,
    "memory_used": 378,
    "energy_used": 0.0,
    "solution_quality": 0.0,
    "algorithm": "unknown",
    "time_asymmetry": 25.0,
    "space_asymmetry": 13.5,
    "problem_weight": 3.64,
    "complexity_multiplier": 0.0,
    "gas_used": 0,
    "work_score": 0.0,
    "miner_address": "unknown",
    "block_hash": "",
    "previous_hash": "",
    "mining_efficiency": 0.0,
    "ipfs_data": null,
    "raw_problem_data": null,
    "raw_solution_data": null
  },
  {
    "block_height": 10830,
    "timestamp": 1761440726.8423588,
    "cid": "QmdfTbBqBPQ7VNxZEYEj14VmRuZBkqFbiwReogJgS1zR1n",
    "problem_size": 28,
    "problem_difficulty": 2.6,
    "problem_type": "unknown",
    "problem_constraints": 0,
    "solve_time": 10.0,
    "verify_time": 0.0,
    "memory_used": 378,
    "energy_used": 0.0,
    "solution_quality": 0.0,
    "algorithm": "unknown",
    "time_asymmetry": 25.0,
    "space_asymmetry": 13.5,
    "problem_weight": 3.64,
    "complexity_multiplier": 0.0,
    "gas_used": 0,
    "work_score": 0.0,
    "miner_address": "unknown",
    "block_hash": "",
    "previous_hash": "",
    "mining_efficiency": 0.0,
    "ipfs_data": null,
    "raw_problem_data": null,
    "raw_solution_data": null
  },
  {
    "block_height": 10831,
    "timestamp": 1761440727.100603,
    "cid": "Qmc46f8aee845607dc1ef73a4575ffd506f667e89c6072",
    "problem_size": 10,
    "problem_difficulty": 1.0,
    "problem_type": "unknown",
    "problem_constraints": 0,
    "solve_time": 1.0,
    "verify_time": 0.0,
    "memory_used": 100,
    "energy_used": 0.0,
    "solution_quality": 0.0,
    "algorithm": "unknown",
    "time_asymmetry": 10.0,
    "space_asymmetry": 10.0,
    "problem_weight": 1.1,
    "complexity_multiplier": 0.0,
    "gas_used": 0,
    "work_score": 0.0,
    "miner_address": "unknown",
    "block_hash": "",
    "previous_hash": "",
    "mining_efficiency": 0.0,
    "ipfs_data": null,
    "raw_problem_data": null,
    "raw_solution_data": null
  },
  {
    "block_height": 10832,
    "timestamp": 1761440729.2779632,
    "cid": "QmdfTbBqBPQ7VNxZEYEj14VmRuZBkqFbiwReogJgS1zR1n",
    "problem_size": 28,
    "problem_difficulty": 2.6,
    "problem_type": "unknown",
    "problem_constraints": 0,
    "solve_time": 10.0,
    "verify_time": 0.0,
    "memory_used": 378,
    "energy_used": 0.0,
    "solution_quality": 0.0,
    "algorithm": "unknown",
    "time_asymmetry": 25.0,
    "space_asymmetry": 13.5,
    "problem_weight": 3.64,
    "complexity_multiplier": 0.0,
    "gas_used": 0,
    "work_score": 0.0,
    "miner_address": "unknown",
    "block_hash": "",
    "previous_hash": "",
    "mining_efficiency": 0.0,
    "ipfs_data": null,
    "raw_problem_data": null,
    "raw_solution_data": null
  },
  {
    "block_height": 10833,
    "timestamp": 1761440731.27339,
    "cid": "Qm3fd70eeee37f0cff58c242416ed095db187a82b77fc1",
    "problem_size": 10,
    "problem_difficulty": 1.0,
    "problem_type": "unknown",
    "problem_constraints": 0,
    "solve_time": 1.0,
    "verify_time": 0.0,
    "memory_used": 180,
    "energy_used": 0.0,
    "solution_quality": 0.0,
    "algorithm": "unknown",
    "time_asymmetry": 10.0,
    "space_asymmetry": 18.0,
    "problem_weight": 1.1,
    "complexity_multiplier": 0.0,
    "gas_used": 0,
    "work_score": 0.0,
    "miner_address": "unknown",
    "block_hash": "",
    "previous_hash": "",
    "mining_efficiency": 0.0,
    "ipfs_data": null,
    "raw_problem_data": null,
    "raw_solution_data": null
  },
  {
    "block_height": 10834,
    "timestamp": 1761440731.455871,
    "cid": "QmdfTbBqBPQ7VNxZEYEj14VmRuZBkqFbiwReogJgS1zR1n",
    "problem_size": 28,
    "problem_difficulty": 2.6,
    "problem_type": "unknown",
    "problem_constraints": 0,
    "solve_time": 10.0,
    "verify_time": 0.0,
    "memory_used": 378,
    "energy_used": 0.0,
    "solution_quality": 0.0,
    "algorithm": "unknown",
    "time_asymmetry": 25.0,
    "space_asymmetry": 13.5,
    "problem_weight": 3.64,
    "complexity_multiplier": 0.0,
    "gas_used": 0,
    "work_score": 0.0,
    "miner_address": "unknown",
    "block_hash": "",
    "previous_hash": "",
    "mining_efficiency": 0.0,
    "ipfs_data": null,
    "raw_problem_data": null,
    "raw_solution_data": null
  },
  {
    "block_height": 10835,
    "timestamp": 1761440735.4721093,
    "cid": "Qm25f116379ee3f52add23c708c6ec9265ee83b6afe35e",
    "problem_size": 17,
    "problem_difficulty": 2.4000000000000004,
    "problem_type": "unknown",
    "problem_constraints": 0,
    "solve_time": 4.5,
    "verify_time": 0.0,
    "memory_used": 177,
    "energy_used": 0.0,
    "solution_quality": 0.0,
    "algorithm": "unknown",
    "time_asymmetry": 14.999999999999998,
    "space_asymmetry": 10.411764705882351,
    "problem_weight": 3.120000000000001,
    "complexity_multiplier": 0.0,
    "gas_used": 0,
    "work_score": 0.0,
    "miner_address": "unknown",
    "block_hash": "",
    "previous_hash": "",
    "mining_efficiency": 0.0,
    "ipfs_data": null,
    "raw_problem_data": null,
    "raw_solution_data": null
  },
  {
    "block_height": 10836,
    "timestamp": 1761440737.08033,
    "cid": "QmdfTbBqBPQ7VNxZEYEj14VmRuZBkqFbiwReogJgS1zR1n",
    "problem_size": 28,
    "problem_difficulty": 2.6,
    "problem_type": "unknown",
    "problem_constraints": 0,
    "solve_time": 10.0,
    "verify_time": 0.0,
    "memory_used": 378,
    "energy_used": 0.0,
    "solution_quality": 0.0,
    "algorithm": "unknown",
    "time_asymmetry": 25.0,
    "space_asymmetry": 13.5,
    "problem_weight": 3.64,
    "complexity_multiplier": 0.0,
    "gas_used": 0,
    "work_score": 0.0,
    "miner_address": "unknown",
    "block_hash": "",
    "previous_hash": "",
    "mining_efficiency": 0.0,
    "ipfs_data": null,
    "raw_problem_data": null,
    "raw_solution_data": null
  },
  {
    "block_height": 10837,
    "timestamp": 1761440739.6346433,
    "cid": "Qm2cbb163a408b9dbeaf5c05d347e1e90f7d867ecfe9a9",
    "problem_size": 14,
    "problem_difficulty": 1.8,
    "problem_type": "unknown",
    "problem_constraints": 0,
    "solve_time": 3.0,
    "verify_time": 0.0,
    "memory_used": 164,
    "energy_used": 0.0,
    "solution_quality": 0.0,
    "algorithm": "unknown",
    "time_asymmetry": 6.0,
    "space_asymmetry": 11.714285714285714,
    "problem_weight": 2.7,
    "complexity_multiplier": 0.0,
    "gas_used": 0,
    "work_score": 0.0,
    "miner_address": "unknown",
    "block_hash": "",
    "previous_hash": "",
    "mining_efficiency": 0.0,
    "ipfs_data": null,
    "raw_problem_data": null,
    "raw_solution_data": null
  },
  {
    "block_height": 10838,
    "timestamp": 1761440740.161867,
    "cid": "QmdfTbBqBPQ7VNxZEYEj14VmRuZBkqFbiwReogJgS1zR1n",
    "problem_size": 28,
    "problem_difficulty": 2.6,
    "problem_type": "unknown",
    "problem_constraints": 0,
    "solve_time": 10.0,
    "verify_time": 0.0,
    "memory_used": 378,
    "energy_used": 0.0,
    "solution_quality": 0.0,
    "algorithm": "unknown",
    "time_asymmetry": 25.0,
    "space_asymmetry": 13.5,
    "problem_weight": 3.64,
    "complexity_multiplier": 0.0,
    "gas_used": 0,
    "work_score": 0.0,
    "miner_address": "unknown",
    "block_hash": "",
    "previous_hash": "",
    "mining_efficiency": 0.0,
    "ipfs_data": null,
    "raw_problem_data": null,
    "raw_solution_data": null
  },
  {
    "block_height": 10839,
    "timestamp": 1761440743.1988168,
    "cid": "QmdfTbBqBPQ7VNxZEYEj14VmRuZBkqFbiwReogJgS1zR1n",
    "problem_size": 28,
    "problem_difficulty": 2.6,
    "problem_type": "unknown",
    "problem_constraints": 0,
    "solve_time": 10.0,
    "verify_time": 0.0,
    "memory_used": 378,
    "energy_used": 0.0,
    "solution_quality": 0.0,
    "algorithm": "unknown",
    "time_asymmetry": 25.0,
    "space_asymmetry": 13.5,
    "problem_weight": 3.64,
    "complexity_multiplier": 0.0,
    "gas_used": 0,
    "work_score": 0.0,
    "miner_address": "unknown",
    "block_hash": "",
    "previous_hash": "",
    "mining_efficiency": 0.0,
    "ipfs_data": null,
    "raw_problem_data": null,
    "raw_solution_data": null
  },
  {
    "block_height": 10840,
    "timestamp": 1761440743.818326,
    "cid": "Qmfba4558dd78148fb8b3b6596f0041130252bc749433e",
    "problem_size": 20,
    "problem_difficulty": 1.0,
    "problem_type": "unknown",
    "problem_constraints": 0,
    "solve_time": 6.0,
    "verify_time": 0.0,
    "memory_used": 230,
    "energy_used": 0.0,
    "solution_quality": 0.0,
    "algorithm": "unknown",
    "time_asymmetry": 60.0,
    "space_asymmetry": 11.5,
    "problem_weight": 1.1,
    "complexity_multiplier": 0.0,
    "gas_used": 0,
    "work_score": 0.0,
    "miner_address": "unknown",
    "block_hash": "",
    "previous_hash": "",
    "mining_efficiency": 0.0,
    "ipfs_data": null,
    "raw_problem_data": null,
    "raw_solution_data": null
  },
  {
    "block_height": 10841,
    "timestamp": 1761440746.1031313,
    "cid": "QmdfTbBqBPQ7VNxZEYEj14VmRuZBkqFbiwReogJgS1zR1n",
    "problem_size": 28,
    "problem_difficulty": 2.6,
    "problem_type": "unknown",
    "problem_constraints": 0,
    "solve_time": 10.0,
    "verify_time": 0.0,
    "memory_used": 378,
    "energy_used": 0.0,
    "solution_quality": 0.0,
    "algorithm": "unknown",
    "time_asymmetry": 25.0,
    "space_asymmetry": 13.5,
    "problem_weight": 3.64,
    "complexity_multiplier": 0.0,
    "gas_used": 0,
    "work_score": 0.0,
    "miner_address": "unknown",
    "block_hash": "",
    "previous_hash": "",
    "mining_efficiency": 0.0,
    "ipfs_data": null,
    "raw_problem_data": null,
    "raw_solution_data": null
  },
  {
    "block_height": 10842,
    "timestamp": 1761440748.048949,
    "cid": "Qm68ecc82d988279aa0943e4e87dcebba412943ee1ed42",
    "problem_size": 18,
    "problem_difficulty": 2.6,
    "problem_type": "unknown",
    "problem_constraints": 0,
    "solve_time": 5.0,
    "verify_time": 0.0,
    "memory_used": 188,
    "energy_used": 0.0,
    "solution_quality": 0.0,
    "algorithm": "unknown",
    "time_asymmetry": 12.5,
    "space_asymmetry": 10.444444444444445,
    "problem_weight": 3.64,
    "complexity_multiplier": 0.0,
    "gas_used": 0,
    "work_score": 0.0,
    "miner_address": "unknown",
    "block_hash": "",
    "previous_hash": "",
    "mining_efficiency": 0.0,
    "ipfs_data": null,
    "raw_problem_data": null,
    "raw_solution_data": null
  },
  {
    "block_height": 10843,
    "timestamp": 1761440748.916766,
    "cid": "QmdfTbBqBPQ7VNxZEYEj14VmRuZBkqFbiwReogJgS1zR1n",
    "problem_size": 28,
    "problem_difficulty": 2.6,
    "problem_type": "unknown",
    "problem_constraints": 0,
    "solve_time": 10.0,
    "verify_time": 0.0,
    "memory_used": 378,
    "energy_used": 0.0,
    "solution_quality": 0.0,
    "algorithm": "unknown",
    "time_asymmetry": 25.0,
    "space_asymmetry": 13.5,
    "problem_weight": 3.64,
    "complexity_multiplier": 0.0,
    "gas_used": 0,
    "work_score": 0.0,
    "miner_address": "unknown",
    "block_hash": "",
    "previous_hash": "",
    "mining_efficiency": 0.0,
    "ipfs_data": null,
    "raw_problem_data": null,
    "raw_solution_data": null
  },
  {
    "block_height": 10844,
    "timestamp": 1761440752.2415764,
    "cid": "Qm5aae6609752f49e52b81752a939f5d1b58f3e8641651",
    "problem_size": 14,
    "problem_difficulty": 1.8,
    "problem_type": "unknown",
    "problem_constraints": 0,
    "solve_time": 3.0,
    "verify_time": 0.0,
    "memory_used": 204,
    "energy_used": 0.0,
    "solution_quality": 0.0,
    "algorithm": "unknown",
    "time_asymmetry": 6.0,
    "space_asymmetry": 14.571428571428571,
    "problem_weight": 2.7,
    "complexity_multiplier": 0.0,
    "gas_used": 0,
    "work_score": 0.0,
    "miner_address": "unknown",
    "block_hash": "",
    "previous_hash": "",
    "mining_efficiency": 0.0,
    "ipfs_data": null,
    "raw_problem_data": null,
    "raw_solution_data": null
  },
  {
    "block_height": 10845,
    "timestamp": 1761440752.646855,
    "cid": "QmdfTbBqBPQ7VNxZEYEj14VmRuZBkqFbiwReogJgS1zR1n",
    "problem_size": 28,
    "problem_difficulty": 2.6,
    "problem_type": "unknown",
    "problem_constraints": 0,
    "solve_time": 10.0,
    "verify_time": 0.0,
    "memory_used": 378,
    "energy_used": 0.0,
    "solution_quality": 0.0,
    "algorithm": "unknown",
    "time_asymmetry": 25.0,
    "space_asymmetry": 13.5,
    "problem_weight": 3.64,
    "complexity_multiplier": 0.0,
    "gas_used": 0,
    "work_score": 0.0,
    "miner_address": "unknown",
    "block_hash": "",
    "previous_hash": "",
    "mining_efficiency": 0.0,
    "ipfs_data": null,
    "raw_problem_data": null,
    "raw_solution_data": null
  },
  {
    "block_height": 10846,
    "timestamp": 1761440755.8376236,
    "cid": "QmdfTbBqBPQ7VNxZEYEj14VmRuZBkqFbiwReogJgS1zR1n",
    "problem_size": 28,
    "problem_difficulty": 2.6,
    "problem_type": "unknown",
    "problem_constraints": 0,
    "solve_time": 10.0,
    "verify_time": 0.0,
    "memory_used": 378,
    "energy_used": 0.0,
    "solution_quality": 0.0,
    "algorithm": "unknown",
    "time_asymmetry": 25.0,
    "space_asymmetry": 13.5,
    "problem_weight": 3.64,
    "complexity_multiplier": 0.0,
    "gas_used": 0,
    "work_score": 0.0,
    "miner_address": "unknown",
    "block_hash": "",
    "previous_hash": "",
    "mining_efficiency": 0.0,
    "ipfs_data": null,
    "raw_problem_data": null,
    "raw_solution_data": null
  },
  {
    "block_height": 10847,
    "timestamp": 1761440756.4298508,
    "cid": "Qm6caf3eff708fe73e749b62eda787a1587d8f2c85e7fb",
    "problem_size": 20,
    "problem_difficulty": 1.0,
    "problem_type": "unknown",
    "problem_constraints": 0,
    "solve_time": 6.0,
    "verify_time": 0.0,
    "memory_used": 250,
    "energy_used": 0.0,
    "solution_quality": 0.0,
    "algorithm": "unknown",
    "time_asymmetry": 60.0,
    "space_asymmetry": 12.5,
    "problem_weight": 1.1,
    "complexity_multiplier": 0.0,
    "gas_used": 0,
    "work_score": 0.0,
    "miner_address": "unknown",
    "block_hash": "",
    "previous_hash": "",
    "mining_efficiency": 0.0,
    "ipfs_data": null,
    "raw_problem_data": null,
    "raw_solution_data": null
  },
  {
    "block_height": 10848,
    "timestamp": 1761440759.1181247,
    "cid": "QmdfTbBqBPQ7VNxZEYEj14VmRuZBkqFbiwReogJgS1zR1n",
    "problem_size": 28,
    "problem_difficulty": 2.6,
    "problem_type": "unknown",
    "problem_constraints": 0,
    "solve_time": 10.0,
    "verify_time": 0.0,
    "memory_used": 378,
    "energy_used": 0.0,
    "solution_quality": 0.0,
    "algorithm": "unknown",
    "time_asymmetry": 25.0,
    "space_asymmetry": 13.5,
    "problem_weight": 3.64,
    "complexity_multiplier": 0.0,
    "gas_used": 0,
    "work_score": 0.0,
    "miner_address": "unknown",
    "block_hash": "",
    "previous_hash": "",
    "mining_efficiency": 0.0,
    "ipfs_data": null,
    "raw_problem_data": null,
    "raw_solution_data": null
  },
  {
    "block_height": 10849,
    "timestamp": 1761440760.6103048,
    "cid": "Qmb68f5d6c57d4082d232f21059123febc966ca56b0e88",
    "problem_size": 11,
    "problem_difficulty": 1.2,
    "problem_type": "unknown",
    "problem_constraints": 0,
    "solve_time": 1.5,
    "verify_time": 0.0,
    "memory_used": 171,
    "energy_used": 0.0,
    "solution_quality": 0.0,
    "algorithm": "unknown",
    "time_asymmetry": 7.5,
    "space_asymmetry": 15.545454545454543,
    "problem_weight": 1.44,
    "complexity_multiplier": 0.0,
    "gas_used": 0,
    "work_score": 0.0,
    "miner_address": "unknown",
    "block_hash": "",
    "previous_hash": "",
    "mining_efficiency": 0.0,
    "ipfs_data": null,
    "raw_problem_data": null,
    "raw_solution_data": null
  },
  {
    "block_height": 10850,
    "timestamp": 1761440762.378299,
    "cid": "QmdfTbBqBPQ7VNxZEYEj14VmRuZBkqFbiwReogJgS1zR1n",
    "problem_size": 28,
    "problem_difficulty": 2.6,
    "problem_type": "unknown",
    "problem_constraints": 0,
    "solve_time": 10.0,
    "verify_time": 0.0,
    "memory_used": 378,
    "energy_used": 0.0,
    "solution_quality": 0.0,
    "algorithm": "unknown",
    "time_asymmetry": 25.0,
    "space_asymmetry": 13.5,
    "problem_weight": 3.64,
    "complexity_multiplier": 0.0,
    "gas_used": 0,
    "work_score": 0.0,
    "miner_address": "unknown",
    "block_hash": "",
    "previous_hash": "",
    "mining_efficiency": 0.0,
    "ipfs_data": null,
    "raw_problem_data": null,
    "raw_solution_data": null
  },
  {
    "block_height": 10851,
    "timestamp": 1761440764.761553,
    "cid": "QmdfTbBqBPQ7VNxZEYEj14VmRuZBkqFbiwReogJgS1zR1n",
    "problem_size": 28,
    "problem_difficulty": 2.6,
    "problem_type": "unknown",
    "problem_constraints": 0,
    "solve_time": 10.0,
    "verify_time": 0.0,
    "memory_used": 378,
    "energy_used": 0.0,
    "solution_quality": 0.0,
    "algorithm": "unknown",
    "time_asymmetry": 25.0,
    "space_asymmetry": 13.5,
    "problem_weight": 3.64,
    "complexity_multiplier": 0.0,
    "gas_used": 0,
    "work_score": 0.0,
    "miner_address": "unknown",
    "block_hash": "",
    "previous_hash": "",
    "mining_efficiency": 0.0,
    "ipfs_data": null,
    "raw_problem_data": null,
    "raw_solution_data": null
  },
  {
    "block_height": 10852,
    "timestamp": 1761440764.7937484,
    "cid": "Qm72d9d21cbf68015e992a108ed1038466fabfbc13a543",
    "problem_size": 29,
    "problem_difficulty": 2.8,
    "problem_type": "unknown",
    "problem_constraints": 0,
    "solve_time": 10.5,
    "verify_time": 0.0,
    "memory_used": 309,
    "energy_used": 0.0,
    "solution_quality": 0.0,
    "algorithm": "unknown",
    "time_asymmetry": 21.0,
    "space_asymmetry": 10.655172413793103,
    "problem_weight": 4.199999999999999,
    "complexity_multiplier": 0.0,
    "gas_used": 0,
    "work_score": 0.0,
    "miner_address": "unknown",
    "block_hash": "",
    "previous_hash": "",
    "mining_efficiency": 0.0,
    "ipfs_data": null,
    "raw_problem_data": null,
    "raw_solution_data": null
  },
  {
    "block_height": 10853,
    "timestamp": 1761440767.2789834,
    "cid": "QmdfTbBqBPQ7VNxZEYEj14VmRuZBkqFbiwReogJgS1zR1n",
    "problem_size": 28,
    "problem_difficulty": 2.6,
    "problem_type": "unknown",
    "problem_constraints": 0,
    "solve_time": 10.0,
    "verify_time": 0.0,
    "memory_used": 378,
    "energy_used": 0.0,
    "solution_quality": 0.0,
    "algorithm": "unknown",
    "time_asymmetry": 25.0,
    "space_asymmetry": 13.5,
    "problem_weight": 3.64,
    "complexity_multiplier": 0.0,
    "gas_used": 0,
    "work_score": 0.0,
    "miner_address": "unknown",
    "block_hash": "",
    "previous_hash": "",
    "mining_efficiency": 0.0,
    "ipfs_data": null,
    "raw_problem_data": null,
    "raw_solution_data": null
  },
  {
    "block_height": 10854,
    "timestamp": 1761440768.971541,
    "cid": "Qm02b1e1765fa49e9876747f694e9e47e6b9a0ff6b1a2a",
    "problem_size": 16,
    "problem_difficulty": 2.2,
    "problem_type": "unknown",
    "problem_constraints": 0,
    "solve_time": 4.0,
    "verify_time": 0.0,
    "memory_used": 166,
    "energy_used": 0.0,
    "solution_quality": 0.0,
    "algorithm": "unknown",
    "time_asymmetry": 20.0,
    "space_asymmetry": 10.375,
    "problem_weight": 2.64,
    "complexity_multiplier": 0.0,
    "gas_used": 0,
    "work_score": 0.0,
    "miner_address": "unknown",
    "block_hash": "",
    "previous_hash": "",
    "mining_efficiency": 0.0,
    "ipfs_data": null,
    "raw_problem_data": null,
    "raw_solution_data": null
  },
  {
    "block_height": 10855,
    "timestamp": 1761440770.6410985,
    "cid": "QmdfTbBqBPQ7VNxZEYEj14VmRuZBkqFbiwReogJgS1zR1n",
    "problem_size": 28,
    "problem_difficulty": 2.6,
    "problem_type": "unknown",
    "problem_constraints": 0,
    "solve_time": 10.0,
    "verify_time": 0.0,
    "memory_used": 378,
    "energy_used": 0.0,
    "solution_quality": 0.0,
    "algorithm": "unknown",
    "time_asymmetry": 25.0,
    "space_asymmetry": 13.5,
    "problem_weight": 3.64,
    "complexity_multiplier": 0.0,
    "gas_used": 0,
    "work_score": 0.0,
    "miner_address": "unknown",
    "block_hash": "",
    "previous_hash": "",
    "mining_efficiency": 0.0,
    "ipfs_data": null,
    "raw_problem_data": null,
    "raw_solution_data": null
  },
  {
    "block_height": 10856,
    "timestamp": 1761440773.1434407,
    "cid": "Qm524aeda98e90f5ada036547daaa8a6f6e9b02c937041",
    "problem_size": 15,
    "problem_difficulty": 2.0,
    "problem_type": "unknown",
    "problem_constraints": 0,
    "solve_time": 3.5,
    "verify_time": 0.0,
    "memory_used": 235,
    "energy_used": 0.0,
    "solution_quality": 0.0,
    "algorithm": "unknown",
    "time_asymmetry": 35.0,
    "space_asymmetry": 15.666666666666666,
    "problem_weight": 2.2,
    "complexity_multiplier": 0.0,
    "gas_used": 0,
    "work_score": 0.0,
    "miner_address": "unknown",
    "block_hash": "",
    "previous_hash": "",
    "mining_efficiency": 0.0,
    "ipfs_data": null,
    "raw_problem_data": null,
    "raw_solution_data": null
  },
  {
    "block_height": 10857,
    "timestamp": 1761440773.6501498,
    "cid": "QmdfTbBqBPQ7VNxZEYEj14VmRuZBkqFbiwReogJgS1zR1n",
    "problem_size": 28,
    "problem_difficulty": 2.6,
    "problem_type": "unknown",
    "problem_constraints": 0,
    "solve_time": 10.0,
    "verify_time": 0.0,
    "memory_used": 378,
    "energy_used": 0.0,
    "solution_quality": 0.0,
    "algorithm": "unknown",
    "time_asymmetry": 25.0,
    "space_asymmetry": 13.5,
    "problem_weight": 3.64,
    "complexity_multiplier": 0.0,
    "gas_used": 0,
    "work_score": 0.0,
    "miner_address": "unknown",
    "block_hash": "",
    "previous_hash": "",
    "mining_efficiency": 0.0,
    "ipfs_data": null,
    "raw_problem_data": null,
    "raw_solution_data": null
  },
  {
    "block_height": 10858,
    "timestamp": 1761440776.221028,
    "cid": "QmdfTbBqBPQ7VNxZEYEj14VmRuZBkqFbiwReogJgS1zR1n",
    "problem_size": 28,
    "problem_difficulty": 2.6,
    "problem_type": "unknown",
    "problem_constraints": 0,
    "solve_time": 10.0,
    "verify_time": 0.0,
    "memory_used": 378,
    "energy_used": 0.0,
    "solution_quality": 0.0,
    "algorithm": "unknown",
    "time_asymmetry": 25.0,
    "space_asymmetry": 13.5,
    "problem_weight": 3.64,
    "complexity_multiplier": 0.0,
    "gas_used": 0,
    "work_score": 0.0,
    "miner_address": "unknown",
    "block_hash": "",
    "previous_hash": "",
    "mining_efficiency": 0.0,
    "ipfs_data": null,
    "raw_problem_data": null,
    "raw_solution_data": null
  },
  {
    "block_height": 10859,
    "timestamp": 1761440777.3391037,
    "cid": "Qmaf74a8a4deccff9f997228093e0cbc82dcb523869f00",
    "problem_size": 26,
    "problem_difficulty": 2.2,
    "problem_type": "unknown",
    "problem_constraints": 0,
    "solve_time": 9.0,
    "verify_time": 0.0,
    "memory_used": 316,
    "energy_used": 0.0,
    "solution_quality": 0.0,
    "algorithm": "unknown",
    "time_asymmetry": 45.0,
    "space_asymmetry": 12.153846153846152,
    "problem_weight": 2.64,
    "complexity_multiplier": 0.0,
    "gas_used": 0,
    "work_score": 0.0,
    "miner_address": "unknown",
    "block_hash": "",
    "previous_hash": "",
    "mining_efficiency": 0.0,
    "ipfs_data": null,
    "raw_problem_data": null,
    "raw_solution_data": null
  },
  {
    "block_height": 10860,
    "timestamp": 1761440781.5204794,
    "cid": "Qmc26a24895d85f6dcbee28dad639eda48f46d0bf5243a",
    "problem_size": 10,
    "problem_difficulty": 1.0,
    "problem_type": "unknown",
    "problem_constraints": 0,
    "solve_time": 1.0,
    "verify_time": 0.0,
    "memory_used": 100,
    "energy_used": 0.0,
    "solution_quality": 0.0,
    "algorithm": "unknown",
    "time_asymmetry": 10.0,
    "space_asymmetry": 10.0,
    "problem_weight": 1.1,
    "complexity_multiplier": 0.0,
    "gas_used": 0,
    "work_score": 0.0,
    "miner_address": "unknown",
    "block_hash": "",
    "previous_hash": "",
    "mining_efficiency": 0.0,
    "ipfs_data": null,
    "raw_problem_data": null,
    "raw_solution_data": null
  },
  {
    "block_height": 10861,
    "timestamp": 1761440781.9068785,
    "cid": "QmdfTbBqBPQ7VNxZEYEj14VmRuZBkqFbiwReogJgS1zR1n",
    "problem_size": 28,
    "problem_difficulty": 2.6,
    "problem_type": "unknown",
    "problem_constraints": 0,
    "solve_time": 10.0,
    "verify_time": 0.0,
    "memory_used": 378,
    "energy_used": 0.0,
    "solution_quality": 0.0,
    "algorithm": "unknown",
    "time_asymmetry": 25.0,
    "space_asymmetry": 13.5,
    "problem_weight": 3.64,
    "complexity_multiplier": 0.0,
    "gas_used": 0,
    "work_score": 0.0,
    "miner_address": "unknown",
    "block_hash": "",
    "previous_hash": "",
    "mining_efficiency": 0.0,
    "ipfs_data": null,
    "raw_problem_data": null,
    "raw_solution_data": null
  },
  {
    "block_height": 10862,
    "timestamp": 1761440784.1017349,
    "cid": "QmdfTbBqBPQ7VNxZEYEj14VmRuZBkqFbiwReogJgS1zR1n",
    "problem_size": 28,
    "problem_difficulty": 2.6,
    "problem_type": "unknown",
    "problem_constraints": 0,
    "solve_time": 10.0,
    "verify_time": 0.0,
    "memory_used": 378,
    "energy_used": 0.0,
    "solution_quality": 0.0,
    "algorithm": "unknown",
    "time_asymmetry": 25.0,
    "space_asymmetry": 13.5,
    "problem_weight": 3.64,
    "complexity_multiplier": 0.0,
    "gas_used": 0,
    "work_score": 0.0,
    "miner_address": "unknown",
    "block_hash": "",
    "previous_hash": "",
    "mining_efficiency": 0.0,
    "ipfs_data": null,
    "raw_problem_data": null,
    "raw_solution_data": null
  },
  {
    "block_height": 10863,
    "timestamp": 1761440785.7082417,
    "cid": "Qmc8f6e686f83a0ebeb0a8402342324ba9ecf97bd46348",
    "problem_size": 10,
    "problem_difficulty": 1.0,
    "problem_type": "unknown",
    "problem_constraints": 0,
    "solve_time": 1.0,
    "verify_time": 0.0,
    "memory_used": 120,
    "energy_used": 0.0,
    "solution_quality": 0.0,
    "algorithm": "unknown",
    "time_asymmetry": 10.0,
    "space_asymmetry": 12.0,
    "problem_weight": 1.1,
    "complexity_multiplier": 0.0,
    "gas_used": 0,
    "work_score": 0.0,
    "miner_address": "unknown",
    "block_hash": "",
    "previous_hash": "",
    "mining_efficiency": 0.0,
    "ipfs_data": null,
    "raw_problem_data": null,
    "raw_solution_data": null
  },
  {
    "block_height": 10864,
    "timestamp": 1761440786.1063094,
    "cid": "QmdfTbBqBPQ7VNxZEYEj14VmRuZBkqFbiwReogJgS1zR1n",
    "problem_size": 28,
    "problem_difficulty": 2.6,
    "problem_type": "unknown",
    "problem_constraints": 0,
    "solve_time": 10.0,
    "verify_time": 0.0,
    "memory_used": 378,
    "energy_used": 0.0,
    "solution_quality": 0.0,
    "algorithm": "unknown",
    "time_asymmetry": 25.0,
    "space_asymmetry": 13.5,
    "problem_weight": 3.64,
    "complexity_multiplier": 0.0,
    "gas_used": 0,
    "work_score": 0.0,
    "miner_address": "unknown",
    "block_hash": "",
    "previous_hash": "",
    "mining_efficiency": 0.0,
    "ipfs_data": null,
    "raw_problem_data": null,
    "raw_solution_data": null
  },
  {
    "block_height": 10865,
    "timestamp": 1761440788.3787456,
    "cid": "QmdfTbBqBPQ7VNxZEYEj14VmRuZBkqFbiwReogJgS1zR1n",
    "problem_size": 28,
    "problem_difficulty": 2.6,
    "problem_type": "unknown",
    "problem_constraints": 0,
    "solve_time": 10.0,
    "verify_time": 0.0,
    "memory_used": 378,
    "energy_used": 0.0,
    "solution_quality": 0.0,
    "algorithm": "unknown",
    "time_asymmetry": 25.0,
    "space_asymmetry": 13.5,
    "problem_weight": 3.64,
    "complexity_multiplier": 0.0,
    "gas_used": 0,
    "work_score": 0.0,
    "miner_address": "unknown",
    "block_hash": "",
    "previous_hash": "",
    "mining_efficiency": 0.0,
    "ipfs_data": null,
    "raw_problem_data": null,
    "raw_solution_data": null
  },
  {
    "block_height": 10866,
    "timestamp": 1761440789.9059477,
    "cid": "Qm9470c519df54ee5a09e153e062e436ead8880c692915",
    "problem_size": 16,
    "problem_difficulty": 2.2,
    "problem_type": "unknown",
    "problem_constraints": 0,
    "solve_time": 4.0,
    "verify_time": 0.0,
    "memory_used": 206,
    "energy_used": 0.0,
    "solution_quality": 0.0,
    "algorithm": "unknown",
    "time_asymmetry": 20.0,
    "space_asymmetry": 12.875,
    "problem_weight": 2.64,
    "complexity_multiplier": 0.0,
    "gas_used": 0,
    "work_score": 0.0,
    "miner_address": "unknown",
    "block_hash": "",
    "previous_hash": "",
    "mining_efficiency": 0.0,
    "ipfs_data": null,
    "raw_problem_data": null,
    "raw_solution_data": null
  },
  {
    "block_height": 10867,
    "timestamp": 1761440790.4364922,
    "cid": "QmdfTbBqBPQ7VNxZEYEj14VmRuZBkqFbiwReogJgS1zR1n",
    "problem_size": 28,
    "problem_difficulty": 2.6,
    "problem_type": "unknown",
    "problem_constraints": 0,
    "solve_time": 10.0,
    "verify_time": 0.0,
    "memory_used": 378,
    "energy_used": 0.0,
    "solution_quality": 0.0,
    "algorithm": "unknown",
    "time_asymmetry": 25.0,
    "space_asymmetry": 13.5,
    "problem_weight": 3.64,
    "complexity_multiplier": 0.0,
    "gas_used": 0,
    "work_score": 0.0,
    "miner_address": "unknown",
    "block_hash": "",
    "previous_hash": "",
    "mining_efficiency": 0.0,
    "ipfs_data": null,
    "raw_problem_data": null,
    "raw_solution_data": null
  },
  {
    "block_height": 10868,
    "timestamp": 1761440792.5298738,
    "cid": "QmdfTbBqBPQ7VNxZEYEj14VmRuZBkqFbiwReogJgS1zR1n",
    "problem_size": 28,
    "problem_difficulty": 2.6,
    "problem_type": "unknown",
    "problem_constraints": 0,
    "solve_time": 10.0,
    "verify_time": 0.0,
    "memory_used": 378,
    "energy_used": 0.0,
    "solution_quality": 0.0,
    "algorithm": "unknown",
    "time_asymmetry": 25.0,
    "space_asymmetry": 13.5,
    "problem_weight": 3.64,
    "complexity_multiplier": 0.0,
    "gas_used": 0,
    "work_score": 0.0,
    "miner_address": "unknown",
    "block_hash": "",
    "previous_hash": "",
    "mining_efficiency": 0.0,
    "ipfs_data": null,
    "raw_problem_data": null,
    "raw_solution_data": null
  },
  {
    "block_height": 10869,
    "timestamp": 1761440794.1023312,
    "cid": "Qmd9c289f26035dcef23247dd5cb54aa565d71b2d9a54a",
    "problem_size": 17,
    "problem_difficulty": 2.4000000000000004,
    "problem_type": "unknown",
    "problem_constraints": 0,
    "solve_time": 4.5,
    "verify_time": 0.0,
    "memory_used": 197,
    "energy_used": 0.0,
    "solution_quality": 0.0,
    "algorithm": "unknown",
    "time_asymmetry": 14.999999999999998,
    "space_asymmetry": 11.588235294117649,
    "problem_weight": 3.120000000000001,
    "complexity_multiplier": 0.0,
    "gas_used": 0,
    "work_score": 0.0,
    "miner_address": "unknown",
    "block_hash": "",
    "previous_hash": "",
    "mining_efficiency": 0.0,
    "ipfs_data": null,
    "raw_problem_data": null,
    "raw_solution_data": null
  },
  {
    "block_height": 10870,
    "timestamp": 1761440794.4877536,
    "cid": "QmdfTbBqBPQ7VNxZEYEj14VmRuZBkqFbiwReogJgS1zR1n",
    "problem_size": 28,
    "problem_difficulty": 2.6,
    "problem_type": "unknown",
    "problem_constraints": 0,
    "solve_time": 10.0,
    "verify_time": 0.0,
    "memory_used": 378,
    "energy_used": 0.0,
    "solution_quality": 0.0,
    "algorithm": "unknown",
    "time_asymmetry": 25.0,
    "space_asymmetry": 13.5,
    "problem_weight": 3.64,
    "complexity_multiplier": 0.0,
    "gas_used": 0,
    "work_score": 0.0,
    "miner_address": "unknown",
    "block_hash": "",
    "previous_hash": "",
    "mining_efficiency": 0.0,
    "ipfs_data": null,
    "raw_problem_data": null,
    "raw_solution_data": null
  },
  {
    "block_height": 10871,
    "timestamp": 1761440796.8523014,
    "cid": "QmdfTbBqBPQ7VNxZEYEj14VmRuZBkqFbiwReogJgS1zR1n",
    "problem_size": 28,
    "problem_difficulty": 2.6,
    "problem_type": "unknown",
    "problem_constraints": 0,
    "solve_time": 10.0,
    "verify_time": 0.0,
    "memory_used": 378,
    "energy_used": 0.0,
    "solution_quality": 0.0,
    "algorithm": "unknown",
    "time_asymmetry": 25.0,
    "space_asymmetry": 13.5,
    "problem_weight": 3.64,
    "complexity_multiplier": 0.0,
    "gas_used": 0,
    "work_score": 0.0,
    "miner_address": "unknown",
    "block_hash": "",
    "previous_hash": "",
    "mining_efficiency": 0.0,
    "ipfs_data": null,
    "raw_problem_data": null,
    "raw_solution_data": null
  },
  {
    "block_height": 10872,
    "timestamp": 1761440798.2909534,
    "cid": "Qmda6e06a7bb6637e001187de2d00da93c962d44b13aee",
    "problem_size": 18,
    "problem_difficulty": 2.6,
    "problem_type": "unknown",
    "problem_constraints": 0,
    "solve_time": 5.0,
    "verify_time": 0.0,
    "memory_used": 248,
    "energy_used": 0.0,
    "solution_quality": 0.0,
    "algorithm": "unknown",
    "time_asymmetry": 12.5,
    "space_asymmetry": 13.77777777777778,
    "problem_weight": 3.64,
    "complexity_multiplier": 0.0,
    "gas_used": 0,
    "work_score": 0.0,
    "miner_address": "unknown",
    "block_hash": "",
    "previous_hash": "",
    "mining_efficiency": 0.0,
    "ipfs_data": null,
    "raw_problem_data": null,
    "raw_solution_data": null
  },
  {
    "block_height": 10873,
    "timestamp": 1761440798.8215342,
    "cid": "QmdfTbBqBPQ7VNxZEYEj14VmRuZBkqFbiwReogJgS1zR1n",
    "problem_size": 28,
    "problem_difficulty": 2.6,
    "problem_type": "unknown",
    "problem_constraints": 0,
    "solve_time": 10.0,
    "verify_time": 0.0,
    "memory_used": 378,
    "energy_used": 0.0,
    "solution_quality": 0.0,
    "algorithm": "unknown",
    "time_asymmetry": 25.0,
    "space_asymmetry": 13.5,
    "problem_weight": 3.64,
    "complexity_multiplier": 0.0,
    "gas_used": 0,
    "work_score": 0.0,
    "miner_address": "unknown",
    "block_hash": "",
    "previous_hash": "",
    "mining_efficiency": 0.0,
    "ipfs_data": null,
    "raw_problem_data": null,
    "raw_solution_data": null
  },
  {
    "block_height": 10874,
    "timestamp": 1761440800.883803,
    "cid": "QmdfTbBqBPQ7VNxZEYEj14VmRuZBkqFbiwReogJgS1zR1n",
    "problem_size": 28,
    "problem_difficulty": 2.6,
    "problem_type": "unknown",
    "problem_constraints": 0,
    "solve_time": 10.0,
    "verify_time": 0.0,
    "memory_used": 378,
    "energy_used": 0.0,
    "solution_quality": 0.0,
    "algorithm": "unknown",
    "time_asymmetry": 25.0,
    "space_asymmetry": 13.5,
    "problem_weight": 3.64,
    "complexity_multiplier": 0.0,
    "gas_used": 0,
    "work_score": 0.0,
    "miner_address": "unknown",
    "block_hash": "",
    "previous_hash": "",
    "mining_efficiency": 0.0,
    "ipfs_data": null,
    "raw_problem_data": null,
    "raw_solution_data": null
  },
  {
    "block_height": 10875,
    "timestamp": 1761440802.460962,
    "cid": "Qm29d0839b622b91c084293337bcd0b5b89cb1187613fe",
    "problem_size": 26,
    "problem_difficulty": 2.2,
    "problem_type": "unknown",
    "problem_constraints": 0,
    "solve_time": 9.0,
    "verify_time": 0.0,
    "memory_used": 356,
    "energy_used": 0.0,
    "solution_quality": 0.0,
    "algorithm": "unknown",
    "time_asymmetry": 45.0,
    "space_asymmetry": 13.692307692307692,
    "problem_weight": 2.64,
    "complexity_multiplier": 0.0,
    "gas_used": 0,
    "work_score": 0.0,
    "miner_address": "unknown",
    "block_hash": "",
    "previous_hash": "",
    "mining_efficiency": 0.0,
    "ipfs_data": null,
    "raw_problem_data": null,
    "raw_solution_data": null
  },
  {
    "block_height": 10876,
    "timestamp": 1761440802.8431184,
    "cid": "QmdfTbBqBPQ7VNxZEYEj14VmRuZBkqFbiwReogJgS1zR1n",
    "problem_size": 28,
    "problem_difficulty": 2.6,
    "problem_type": "unknown",
    "problem_constraints": 0,
    "solve_time": 10.0,
    "verify_time": 0.0,
    "memory_used": 378,
    "energy_used": 0.0,
    "solution_quality": 0.0,
    "algorithm": "unknown",
    "time_asymmetry": 25.0,
    "space_asymmetry": 13.5,
    "problem_weight": 3.64,
    "complexity_multiplier": 0.0,
    "gas_used": 0,
    "work_score": 0.0,
    "miner_address": "unknown",
    "block_hash": "",
    "previous_hash": "",
    "mining_efficiency": 0.0,
    "ipfs_data": null,
    "raw_problem_data": null,
    "raw_solution_data": null
  },
  {
    "block_height": 10877,
    "timestamp": 1761440804.9587276,
    "cid": "QmdfTbBqBPQ7VNxZEYEj14VmRuZBkqFbiwReogJgS1zR1n",
    "problem_size": 28,
    "problem_difficulty": 2.6,
    "problem_type": "unknown",
    "problem_constraints": 0,
    "solve_time": 10.0,
    "verify_time": 0.0,
    "memory_used": 378,
    "energy_used": 0.0,
    "solution_quality": 0.0,
    "algorithm": "unknown",
    "time_asymmetry": 25.0,
    "space_asymmetry": 13.5,
    "problem_weight": 3.64,
    "complexity_multiplier": 0.0,
    "gas_used": 0,
    "work_score": 0.0,
    "miner_address": "unknown",
    "block_hash": "",
    "previous_hash": "",
    "mining_efficiency": 0.0,
    "ipfs_data": null,
    "raw_problem_data": null,
    "raw_solution_data": null
  },
  {
    "block_height": 10878,
    "timestamp": 1761440806.637401,
    "cid": "Qm634106de6539be9cfa94c459afea194ac1c966bcdf22",
    "problem_size": 13,
    "problem_difficulty": 1.6,
    "problem_type": "unknown",
    "problem_constraints": 0,
    "solve_time": 2.5,
    "verify_time": 0.0,
    "memory_used": 133,
    "energy_used": 0.0,
    "solution_quality": 0.0,
    "algorithm": "unknown",
    "time_asymmetry": 6.25,
    "space_asymmetry": 10.23076923076923,
    "problem_weight": 2.24,
    "complexity_multiplier": 0.0,
    "gas_used": 0,
    "work_score": 0.0,
    "miner_address": "unknown",
    "block_hash": "",
    "previous_hash": "",
    "mining_efficiency": 0.0,
    "ipfs_data": null,
    "raw_problem_data": null,
    "raw_solution_data": null
  },
  {
    "block_height": 10879,
    "timestamp": 1761440806.892485,
    "cid": "QmdfTbBqBPQ7VNxZEYEj14VmRuZBkqFbiwReogJgS1zR1n",
    "problem_size": 28,
    "problem_difficulty": 2.6,
    "problem_type": "unknown",
    "problem_constraints": 0,
    "solve_time": 10.0,
    "verify_time": 0.0,
    "memory_used": 378,
    "energy_used": 0.0,
    "solution_quality": 0.0,
    "algorithm": "unknown",
    "time_asymmetry": 25.0,
    "space_asymmetry": 13.5,
    "problem_weight": 3.64,
    "complexity_multiplier": 0.0,
    "gas_used": 0,
    "work_score": 0.0,
    "miner_address": "unknown",
    "block_hash": "",
    "previous_hash": "",
    "mining_efficiency": 0.0,
    "ipfs_data": null,
    "raw_problem_data": null,
    "raw_solution_data": null
  }
]