{
  "block_hash": "372d70e9cad9a2c73ead40a87f83243b6c3ede1b28abd11fc0e3ef373cb6bf25",
  "block_index": 27,
  "bundle_version": "1.0",
  "complexity": {
    "asymmetry_space": 1.0,
    "asymmetry_time": 10.0,
    "measured_solve_time": 0.0015,
    "measured_verify_time": 0.00015000000000000001,
    "problem_class": "NP-Complete",
    "problem_size": 10,
    "solution_size": 11,
    "space_solve_O": "O(n * target)",
    "space_verify_O": "O(n)",
    "time_solve_O": "O(2^n)",
    "time_verify_O": "O(n)"
  },
  "created_at": "{\"timestamp\": \"2025-10-28T00:23:53Z\"}",
  "cumulative_work_score": 187137.23967787434,
  "energy_metrics": {
    "cpu_utilization": 80.0,
    "gpu_utilization": 0.0,
    "memory_utilization": 50.0,
    "solve_energy_joules": 0.15,
    "solve_power_watts": 100,
    "solve_time_seconds": 0.0015,
    "verify_energy_joules": 0.00015000000000000001,
    "verify_power_watts": 1,
    "verify_time_seconds": 0.00015000000000000001
  },
  "miner_address": "BEANSesdpmvi5rtm",
  "mining_capacity": "TIER_1_MOBILE",
  "problem": {
    "numbers": [
      31,
      48,
      98,
      18,
      74,
      44,
      43,
      73,
      84,
      88,
      47,
      80,
      78,
      13,
      69,
      55,
      47,
      93,
      38,
      59,
      84
    ],
    "target": 609,
    "type": "subset_sum"
  },
  "solution": [
    31,
    48,
    98,
    18,
    74,
    44,
    43,
    73,
    47,
    78,
    55
  ],
  "timestamp": 1761611033.1812394
}