{
  "block_hash": "36d8722d407423319b49c36a1a9954bd9752bc868de64c95de30ec1969bccb94",
  "block_index": 43,
  "bundle_version": "1.0",
  "complexity": {
    "asymmetry_space": 1.0,
    "asymmetry_time": 41.578947368421055,
    "measured_solve_time": 0.0079,
    "measured_verify_time": 0.00019,
    "problem_class": "NP-Complete",
    "problem_size": 10,
    "solution_size": 6,
    "space_solve_O": "O(n * target)",
    "space_verify_O": "O(n)",
    "time_solve_O": "O(2^n)",
    "time_verify_O": "O(n)"
  },
  "created_at": "{\"timestamp\": \"2025-10-28T01:05:32Z\"}",
  "cumulative_work_score": 125625.53234598765,
  "energy_metrics": {
    "cpu_utilization": 80.0,
    "gpu_utilization": 0.0,
    "memory_utilization": 50.0,
    "solve_energy_joules": 0.79,
    "solve_power_watts": 100,
    "solve_time_seconds": 0.0079,
    "verify_energy_joules": 0.00019,
    "verify_power_watts": 1,
    "verify_time_seconds": 0.00019
  },
  "miner_address": "BEANS1w1t24qlhj4",
  "mining_capacity": "TIER_1_MOBILE",
  "problem": {
    "numbers": [
      42,
      2,
      20,
      21,
      10,
      14,
      32,
      36,
      46,
      32,
      50,
      27,
      9,
      9,
      33
    ],
    "target": 209,
    "type": "subset_sum"
  },
  "solution": [
    50,
    46,
    42,
    36,
    33,
    2
  ],
  "timestamp": 1761613532.559031
}