{
  "block_hash": "ff4c8a54ac239ffde5353bddd6a2f021a9d75612e38b810b11dcc8f114a4458e",
  "block_index": 4,
  "bundle_version": "1.0",
  "complexity": {
    "asymmetry_space": 1.0,
    "asymmetry_time": 21.11111111111111,
    "measured_solve_time": 0.0038,
    "measured_verify_time": 0.00018,
    "problem_class": "NP-Complete",
    "problem_size": 10,
    "solution_size": 8,
    "space_solve_O": "O(n * target)",
    "space_verify_O": "O(n)",
    "time_solve_O": "O(2^n)",
    "time_verify_O": "O(n)"
  },
  "created_at": "{\"timestamp\": \"2025-10-27T13:31:21Z\"}",
  "cumulative_work_score": 1,
  "energy_metrics": {
    "cpu_utilization": 80.0,
    "gpu_utilization": 0.0,
    "memory_utilization": 50.0,
    "solve_energy_joules": 0.38,
    "solve_power_watts": 100,
    "solve_time_seconds": 0.0038,
    "verify_energy_joules": 0.00018,
    "verify_power_watts": 1,
    "verify_time_seconds": 0.00018
  },
  "miner_address": "BEANSesdpmvi5rtm",
  "mining_capacity": "TIER_1_MOBILE",
  "problem": {
    "numbers": [
      8,
      52,
      86,
      8,
      99,
      80,
      68,
      48,
      63,
      87,
      35,
      58,
      49,
      41,
      21,
      21,
      8,
      75,
      41,
      17,
      57,
      7,
      88,
      14,
      85
    ],
    "target": 494,
    "type": "subset_sum"
  },
  "solution": [
    35,
    87,
    63,
    48,
    68,
    99,
    86,
    8
  ],
  "timestamp": 1761571881.7636387
}