{
  "block_hash": "87ad26f6833af9733e3eb16f549f3d664cc4febaacddee8af8d75cdc2e69831c",
  "block_index": 21,
  "bundle_version": "1.0",
  "complexity": {
    "asymmetry_space": 1.0,
    "asymmetry_time": 60.00000000000001,
    "measured_solve_time": 0.007200000000000001,
    "measured_verify_time": 0.00012,
    "problem_class": "NP-Complete",
    "problem_size": 10,
    "solution_size": 10,
    "space_solve_O": "O(n * target)",
    "space_verify_O": "O(n)",
    "time_solve_O": "O(2^n)",
    "time_verify_O": "O(n)"
  },
  "created_at": "{\"timestamp\": \"2025-10-27T19:55:50Z\"}",
  "cumulative_work_score": 158835.4243082257,
  "energy_metrics": {
    "cpu_utilization": 80.0,
    "gpu_utilization": 0.0,
    "memory_utilization": 50.0,
    "solve_energy_joules": 0.7200000000000001,
    "solve_power_watts": 100,
    "solve_time_seconds": 0.007200000000000001,
    "verify_energy_joules": 0.00012,
    "verify_power_watts": 1,
    "verify_time_seconds": 0.00012
  },
  "miner_address": "BEANSesdpmvi5rtm",
  "mining_capacity": "TIER_1_MOBILE",
  "problem": {
    "numbers": [
      13,
      99,
      10,
      64,
      98,
      89,
      85,
      3,
      100,
      38,
      32,
      95,
      4,
      68,
      69,
      29,
      41
    ],
    "target": 533,
    "type": "subset_sum"
  },
  "solution": [
    13,
    99,
    10,
    64,
    98,
    89,
    85,
    3,
    4,
    68
  ],
  "timestamp": 1761594950.8118157
}