{
  "block_hash": "c3d000cbf23b63a1ea592ea6649179420c34fa80358a7c683e7d53e316fb659d",
  "block_index": 42,
  "bundle_version": "1.0",
  "complexity": {
    "asymmetry_space": 1.0,
    "asymmetry_time": 19.090909090909093,
    "measured_solve_time": 0.0021000000000000003,
    "measured_verify_time": 0.00011,
    "problem_class": "NP-Complete",
    "problem_size": 10,
    "solution_size": 12,
    "space_solve_O": "O(n * target)",
    "space_verify_O": "O(n)",
    "time_solve_O": "O(2^n)",
    "time_verify_O": "O(n)"
  },
  "created_at": "{\"timestamp\": \"2025-10-28T01:04:06Z\"}",
  "cumulative_work_score": 217186.78788933373,
  "energy_metrics": {
    "cpu_utilization": 80.0,
    "gpu_utilization": 0.0,
    "memory_utilization": 50.0,
    "solve_energy_joules": 0.21000000000000002,
    "solve_power_watts": 100,
    "solve_time_seconds": 0.0021000000000000003,
    "verify_energy_joules": 0.00011,
    "verify_power_watts": 1,
    "verify_time_seconds": 0.00011
  },
  "miner_address": "BEANSesdpmvi5rtm",
  "mining_capacity": "TIER_1_MOBILE",
  "problem": {
    "numbers": [
      5,
      31,
      30,
      100,
      94,
      80,
      77,
      75,
      79,
      10,
      64,
      86,
      25,
      87,
      38,
      90,
      35,
      61,
      48,
      13,
      38,
      23
    ],
    "target": 686,
    "type": "subset_sum"
  },
  "solution": [
    5,
    31,
    30,
    100,
    94,
    80,
    77,
    75,
    79,
    64,
    38,
    13
  ],
  "timestamp": 1761613446.7301655
}