{
  "block_hash": "17345b1044d45cd1fbd17cbc1eb7f20d67b55b6ee374e0866f276a242c078dce",
  "block_index": 19,
  "bundle_version": "1.0",
  "complexity": {
    "asymmetry_space": 1.0,
    "asymmetry_time": 51.66666666666667,
    "measured_solve_time": 0.006200000000000001,
    "measured_verify_time": 0.00012,
    "problem_class": "NP-Complete",
    "problem_size": 10,
    "solution_size": 11,
    "space_solve_O": "O(n * target)",
    "space_verify_O": "O(n)",
    "time_solve_O": "O(2^n)",
    "time_verify_O": "O(n)"
  },
  "created_at": "{\"timestamp\": \"2025-10-27T19:44:36Z\"}",
  "cumulative_work_score": 182582.18590256522,
  "energy_metrics": {
    "cpu_utilization": 80.0,
    "gpu_utilization": 0.0,
    "memory_utilization": 50.0,
    "solve_energy_joules": 0.6200000000000001,
    "solve_power_watts": 100,
    "solve_time_seconds": 0.006200000000000001,
    "verify_energy_joules": 0.00012,
    "verify_power_watts": 1,
    "verify_time_seconds": 0.00012
  },
  "miner_address": "BEANSesdpmvi5rtm",
  "mining_capacity": "TIER_1_MOBILE",
  "problem": {
    "numbers": [
      83,
      93,
      8,
      86,
      37,
      49,
      47,
      13,
      28,
      40,
      56,
      13,
      9,
      22,
      47,
      36,
      65,
      14
    ],
    "target": 521,
    "type": "subset_sum"
  },
  "solution": [
    9,
    56,
    40,
    13,
    47,
    49,
    37,
    86,
    8,
    93,
    83
  ],
  "timestamp": 1761594276.8399673
}