{
  "block_hash": "c3f80c168d49eb17bf36a9d3671540a8340dfaa6a47089da1979005356e26c71",
  "block_index": 20,
  "bundle_version": "1.0",
  "complexity": {
    "asymmetry_space": 1.0,
    "asymmetry_time": 43.333333333333336,
    "measured_solve_time": 0.005200000000000001,
    "measured_verify_time": 0.00012,
    "problem_class": "NP-Complete",
    "problem_size": 10,
    "solution_size": 9,
    "space_solve_O": "O(n * target)",
    "space_verify_O": "O(n)",
    "time_solve_O": "O(2^n)",
    "time_verify_O": "O(n)"
  },
  "created_at": "{\"timestamp\": \"2025-10-27T19:44:46Z\"}",
  "cumulative_work_score": 1,
  "energy_metrics": {
    "cpu_utilization": 80.0,
    "gpu_utilization": 0.0,
    "memory_utilization": 50.0,
    "solve_energy_joules": 0.52,
    "solve_power_watts": 100,
    "solve_time_seconds": 0.005200000000000001,
    "verify_energy_joules": 0.00012,
    "verify_power_watts": 1,
    "verify_time_seconds": 0.00012
  },
  "miner_address": "BEANSesdpmvi5rtm",
  "mining_capacity": "TIER_1_MOBILE",
  "problem": {
    "numbers": [
      20,
      60,
      61,
      21,
      54,
      90,
      100,
      85,
      45,
      91,
      79,
      83,
      3,
      92,
      70,
      95,
      33,
      46
    ],
    "target": 593,
    "type": "subset_sum"
  },
  "solution": [
    83,
    79,
    85,
    100,
    90,
    54,
    21,
    61,
    20
  ],
  "timestamp": 1761594286.8370113
}