{
  "block_hash": "7901318cc7423eb133c4e212956d186d9ffcb4398e9a2f8f042944b6b5d7ab0f",
  "block_index": 55,
  "bundle_version": "1.0",
  "complexity": {
    "asymmetry_space": 1.0,
    "asymmetry_time": 41.24999999999999,
    "measured_solve_time": 0.0066,
    "measured_verify_time": 0.00016,
    "problem_class": "NP-Complete",
    "problem_size": 10,
    "solution_size": 4,
    "space_solve_O": "O(n * target)",
    "space_verify_O": "O(n)",
    "time_solve_O": "O(2^n)",
    "time_verify_O": "O(n)"
  },
  "created_at": "{\"timestamp\": \"2025-10-28T01:09:26Z\"}",
  "cumulative_work_score": 28432.968041538028,
  "energy_metrics": {
    "cpu_utilization": 80.0,
    "gpu_utilization": 0.0,
    "memory_utilization": 50.0,
    "solve_energy_joules": 0.66,
    "solve_power_watts": 100,
    "solve_time_seconds": 0.0066,
    "verify_energy_joules": 0.00016,
    "verify_power_watts": 1,
    "verify_time_seconds": 0.00016
  },
  "miner_address": "BEANS1w1t24qlhj4",
  "mining_capacity": "TIER_1_MOBILE",
  "problem": {
    "numbers": [
      33,
      6,
      43,
      37,
      28,
      36,
      13,
      1,
      3,
      14,
      13
    ],
    "target": 85,
    "type": "subset_sum"
  },
  "solution": [
    33,
    6,
    43,
    3
  ],
  "timestamp": 1761613766.149698
}