{
  "block_hash": "f73873a89ca972e356bfa7766c5140922f4793270470e9aa973cc7e9e3fa23de",
  "block_index": 26,
  "bundle_version": "1.0",
  "complexity": {
    "asymmetry_space": 1.0,
    "asymmetry_time": 53.74999999999999,
    "measured_solve_time": 0.0086,
    "measured_verify_time": 0.00016,
    "problem_class": "NP-Complete",
    "problem_size": 10,
    "solution_size": 15,
    "space_solve_O": "O(n * target)",
    "space_verify_O": "O(n)",
    "time_solve_O": "O(2^n)",
    "time_verify_O": "O(n)"
  },
  "created_at": "{\"timestamp\": \"2025-10-27T20:12:24Z\"}",
  "cumulative_work_score": 926688.9519502631,
  "energy_metrics": {
    "cpu_utilization": 80.0,
    "gpu_utilization": 0.0,
    "memory_utilization": 50.0,
    "solve_energy_joules": 0.86,
    "solve_power_watts": 100,
    "solve_time_seconds": 0.0086,
    "verify_energy_joules": 0.00016,
    "verify_power_watts": 1,
    "verify_time_seconds": 0.00016
  },
  "miner_address": "BEANSesdpmvi5rtm",
  "mining_capacity": "TIER_1_MOBILE",
  "problem": {
    "numbers": [
      40,
      99,
      78,
      96,
      92,
      93,
      16,
      72,
      10,
      13,
      3,
      79,
      53,
      99,
      91,
      55,
      91,
      65,
      48,
      51,
      77,
      11,
      46
    ],
    "target": 770,
    "type": "subset_sum"
  },
  "solution": [
    40,
    99,
    78,
    96,
    92,
    93,
    16,
    72,
    10,
    13,
    3,
    53,
    48,
    11,
    46
  ],
  "timestamp": 1761595944.4258459
}