{
  "block_hash": "b1b235e158df863cd043e5e41a0afd9313e41d8d35240a8b8318e5b43004f1ff",
  "block_index": 15,
  "bundle_version": "1.0",
  "complexity": {
    "asymmetry_space": 1.0,
    "asymmetry_time": 33.07692307692307,
    "measured_solve_time": 0.0043,
    "measured_verify_time": 0.00013000000000000002,
    "problem_class": "NP-Complete",
    "problem_size": 10,
    "solution_size": 8,
    "space_solve_O": "O(n * target)",
    "space_verify_O": "O(n)",
    "time_solve_O": "O(2^n)",
    "time_verify_O": "O(n)"
  },
  "created_at": "{\"timestamp\": \"2025-10-27T19:34:09Z\"}",
  "cumulative_work_score": 1,
  "energy_metrics": {
    "cpu_utilization": 80.0,
    "gpu_utilization": 0.0,
    "memory_utilization": 50.0,
    "solve_energy_joules": 0.43,
    "solve_power_watts": 100,
    "solve_time_seconds": 0.0043,
    "verify_energy_joules": 0.00013000000000000002,
    "verify_power_watts": 1,
    "verify_time_seconds": 0.00013000000000000002
  },
  "miner_address": "BEANSesdpmvi5rtm",
  "mining_capacity": "TIER_1_MOBILE",
  "problem": {
    "numbers": [
      32,
      69,
      37,
      65,
      98,
      59,
      12,
      2,
      88,
      96,
      57,
      63,
      52,
      51,
      46,
      35,
      4,
      27,
      7,
      2,
      68,
      94,
      34,
      56
    ],
    "target": 564,
    "type": "subset_sum"
  },
  "solution": [
    57,
    96,
    88,
    59,
    98,
    65,
    69,
    32
  ],
  "timestamp": 1761593649.7918725
}