{
  "block_hash": "b0fa61fa166ba091bf75f6fbd6217bcca43acdee3faf40e04de9febbb4bcb025",
  "block_index": 30,
  "bundle_version": "1.0",
  "complexity": {
    "asymmetry_space": 1.0,
    "asymmetry_time": 60.0,
    "measured_solve_time": 0.0108,
    "measured_verify_time": 0.00018,
    "problem_class": "NP-Complete",
    "problem_size": 10,
    "solution_size": 13,
    "space_solve_O": "O(n * target)",
    "space_verify_O": "O(n)",
    "time_solve_O": "O(2^n)",
    "time_verify_O": "O(n)"
  },
  "created_at": "{\"timestamp\": \"2025-10-28T00:24:18Z\"}",
  "cumulative_work_score": 242871.7820272838,
  "energy_metrics": {
    "cpu_utilization": 80.0,
    "gpu_utilization": 0.0,
    "memory_utilization": 50.0,
    "solve_energy_joules": 1.08,
    "solve_power_watts": 100,
    "solve_time_seconds": 0.0108,
    "verify_energy_joules": 0.00018,
    "verify_power_watts": 1,
    "verify_time_seconds": 0.00018
  },
  "miner_address": "BEANSesdpmvi5rtm",
  "mining_capacity": "TIER_1_MOBILE",
  "problem": {
    "numbers": [
      90,
      96,
      69,
      72,
      50,
      32,
      25,
      21,
      62,
      43,
      19,
      24,
      47,
      23,
      87,
      82,
      24,
      14,
      61
    ],
    "target": 650,
    "type": "subset_sum"
  },
  "solution": [
    90,
    96,
    69,
    72,
    50,
    32,
    25,
    21,
    62,
    43,
    19,
    24,
    47
  ],
  "timestamp": 1761611058.1621265
}