{
  "block_hash": "f8b01ca877a823dfb0819539b96020185d0d5ee81ca22764e0ee27dee39dea0e",
  "block_index": 10,
  "bundle_version": "1.0",
  "complexity": {
    "asymmetry_space": 1.0,
    "asymmetry_time": 50.0,
    "measured_solve_time": 0.005,
    "measured_verify_time": 0.0001,
    "problem_class": "NP-Complete",
    "problem_size": 10,
    "solution_size": 10,
    "space_solve_O": "O(n * target)",
    "space_verify_O": "O(n)",
    "time_solve_O": "O(2^n)",
    "time_verify_O": "O(n)"
  },
  "created_at": "{\"timestamp\": \"2025-10-27T13:41:25Z\"}",
  "cumulative_work_score": 158404.6021812681,
  "energy_metrics": {
    "cpu_utilization": 80.0,
    "gpu_utilization": 0.0,
    "memory_utilization": 50.0,
    "solve_energy_joules": 0.5,
    "solve_power_watts": 100,
    "solve_time_seconds": 0.005,
    "verify_energy_joules": 0.0001,
    "verify_power_watts": 1,
    "verify_time_seconds": 0.0001
  },
  "miner_address": "BEANSesdpmvi5rtm",
  "mining_capacity": "TIER_1_MOBILE",
  "problem": {
    "numbers": [
      15,
      14,
      30,
      91,
      8,
      57,
      84,
      60,
      52,
      36,
      95,
      58,
      53,
      88,
      95,
      22,
      81,
      66,
      26,
      19,
      45,
      27
    ],
    "target": 524,
    "type": "subset_sum"
  },
  "solution": [
    53,
    95,
    36,
    52,
    60,
    84,
    8,
    91,
    30,
    15
  ],
  "timestamp": 1761572485.5908427
}