{
  "block_hash": "d83bded4d19f3b58655bdc6906b3932b5983619625d57d80820a2f678903d50b",
  "block_index": 11,
  "bundle_version": "1.0",
  "complexity": {
    "asymmetry_space": 1.0,
    "asymmetry_time": 24.285714285714285,
    "measured_solve_time": 0.0034000000000000002,
    "measured_verify_time": 0.00014000000000000001,
    "problem_class": "NP-Complete",
    "problem_size": 10,
    "solution_size": 11,
    "space_solve_O": "O(n * target)",
    "space_verify_O": "O(n)",
    "time_solve_O": "O(2^n)",
    "time_verify_O": "O(n)"
  },
  "created_at": "{\"timestamp\": \"2025-10-27T13:47:52Z\"}",
  "cumulative_work_score": 1,
  "energy_metrics": {
    "cpu_utilization": 80.0,
    "gpu_utilization": 0.0,
    "memory_utilization": 50.0,
    "solve_energy_joules": 0.34,
    "solve_power_watts": 100,
    "solve_time_seconds": 0.0034000000000000002,
    "verify_energy_joules": 0.00014000000000000001,
    "verify_power_watts": 1,
    "verify_time_seconds": 0.00014000000000000001
  },
  "miner_address": "BEANSesdpmvi5rtm",
  "mining_capacity": "TIER_1_MOBILE",
  "problem": {
    "numbers": [
      98,
      4,
      81,
      58,
      29,
      43,
      80,
      75,
      17,
      54,
      49,
      55,
      15,
      61,
      54,
      99,
      64,
      21,
      63,
      79
    ],
    "target": 607,
    "type": "subset_sum"
  },
  "solution": [
    61,
    55,
    49,
    17,
    75,
    80,
    29,
    58,
    81,
    4,
    98
  ],
  "timestamp": 1761572872.2328029
}