{
  "block_hash": "d770f3c7d616d1d9082be4719cfff1991e907c3a067971cc6d23b370cae43910",
  "block_index": 3,
  "bundle_version": "1.0",
  "complexity": {
    "asymmetry_space": 1.0,
    "asymmetry_time": 46.8421052631579,
    "measured_solve_time": 0.008900000000000002,
    "measured_verify_time": 0.00019,
    "problem_class": "NP-Complete",
    "problem_size": 10,
    "solution_size": 10,
    "space_solve_O": "O(n * target)",
    "space_verify_O": "O(n)",
    "time_solve_O": "O(2^n)",
    "time_verify_O": "O(n)"
  },
  "created_at": "{\"timestamp\": \"2025-10-27T13:31:16Z\"}",
  "cumulative_work_score": 1,
  "energy_metrics": {
    "cpu_utilization": 80.0,
    "gpu_utilization": 0.0,
    "memory_utilization": 50.0,
    "solve_energy_joules": 0.8900000000000001,
    "solve_power_watts": 100,
    "solve_time_seconds": 0.008900000000000002,
    "verify_energy_joules": 0.00019,
    "verify_power_watts": 1,
    "verify_time_seconds": 0.00019
  },
  "miner_address": "BEANSesdpmvi5rtm",
  "mining_capacity": "TIER_1_MOBILE",
  "problem": {
    "numbers": [
      96,
      17,
      92,
      5,
      15,
      37,
      76,
      98,
      34,
      69,
      80,
      87,
      88,
      14,
      42,
      43,
      53,
      53,
      55,
      30,
      14,
      52,
      86
    ],
    "target": 658,
    "type": "subset_sum"
  },
  "solution": [
    88,
    80,
    69,
    98,
    76,
    37,
    5,
    92,
    17,
    96
  ],
  "timestamp": 1761571876.7613442
}