{
  "block_hash": "58536fbaef113c1618c9b9cca149ccb18030357b19842233ef1ff2606ff00964",
  "block_index": 17,
  "bundle_version": "1.0",
  "complexity": {
    "asymmetry_space": 1.0,
    "asymmetry_time": 60.0,
    "measured_solve_time": 0.0108,
    "measured_verify_time": 0.00018,
    "problem_class": "NP-Complete",
    "problem_size": 10,
    "solution_size": 13,
    "space_solve_O": "O(n * target)",
    "space_verify_O": "O(n)",
    "time_solve_O": "O(2^n)",
    "time_verify_O": "O(n)"
  },
  "created_at": "{\"timestamp\": \"2025-10-27T19:34:19Z\"}",
  "cumulative_work_score": 1,
  "energy_metrics": {
    "cpu_utilization": 80.0,
    "gpu_utilization": 0.0,
    "memory_utilization": 50.0,
    "solve_energy_joules": 1.08,
    "solve_power_watts": 100,
    "solve_time_seconds": 0.0108,
    "verify_energy_joules": 0.00018,
    "verify_power_watts": 1,
    "verify_time_seconds": 0.00018
  },
  "miner_address": "BEANSesdpmvi5rtm",
  "mining_capacity": "TIER_1_MOBILE",
  "problem": {
    "numbers": [
      17,
      31,
      13,
      53,
      39,
      20,
      77,
      37,
      83,
      76,
      25,
      23,
      28,
      35,
      96,
      7,
      21,
      29,
      8,
      74,
      94,
      44,
      12,
      76,
      16
    ],
    "target": 518,
    "type": "subset_sum"
  },
  "solution": [
    35,
    28,
    23,
    25,
    76,
    83,
    37,
    77,
    20,
    53,
    13,
    31,
    17
  ],
  "timestamp": 1761593659.7984116
}