{
  "block_hash": "22aea245cf93f380ba38a164d9420e536b93dc1f7f88be39b6b19d1d0a835c4a",
  "block_index": 16,
  "bundle_version": "1.0",
  "complexity": {
    "asymmetry_space": 1.0,
    "asymmetry_time": 31.052631578947366,
    "measured_solve_time": 0.0059,
    "measured_verify_time": 0.00019,
    "problem_class": "NP-Complete",
    "problem_size": 10,
    "solution_size": 12,
    "space_solve_O": "O(n * target)",
    "space_verify_O": "O(n)",
    "time_solve_O": "O(2^n)",
    "time_verify_O": "O(n)"
  },
  "created_at": "{\"timestamp\": \"2025-10-27T19:34:14Z\"}",
  "cumulative_work_score": 1,
  "energy_metrics": {
    "cpu_utilization": 80.0,
    "gpu_utilization": 0.0,
    "memory_utilization": 50.0,
    "solve_energy_joules": 0.59,
    "solve_power_watts": 100,
    "solve_time_seconds": 0.0059,
    "verify_energy_joules": 0.00019,
    "verify_power_watts": 1,
    "verify_time_seconds": 0.00019
  },
  "miner_address": "BEANSesdpmvi5rtm",
  "mining_capacity": "TIER_1_MOBILE",
  "problem": {
    "numbers": [
      69,
      62,
      52,
      1,
      57,
      44,
      30,
      63,
      41,
      32,
      94,
      38,
      71,
      81,
      91,
      91,
      64,
      96,
      98,
      66
    ],
    "target": 700,
    "type": "subset_sum"
  },
  "solution": [
    91,
    71,
    38,
    94,
    32,
    41,
    63,
    30,
    57,
    52,
    62,
    69
  ],
  "timestamp": 1761593654.8016946
}