{
  "block_hash": "47d2182f606d14a0859739d044529c42560b6d416dae6f1b27324a2c87cca366",
  "block_index": 32,
  "bundle_version": "1.0",
  "complexity": {
    "asymmetry_space": 1.0,
    "asymmetry_time": 57.05882352941176,
    "measured_solve_time": 0.0097,
    "measured_verify_time": 0.00017,
    "problem_class": "NP-Complete",
    "problem_size": 10,
    "solution_size": 14,
    "space_solve_O": "O(n * target)",
    "space_verify_O": "O(n)",
    "time_solve_O": "O(2^n)",
    "time_verify_O": "O(n)"
  },
  "created_at": "{\"timestamp\": \"2025-10-28T00:24:28Z\"}",
  "cumulative_work_score": 279654.9799147034,
  "energy_metrics": {
    "cpu_utilization": 80.0,
    "gpu_utilization": 0.0,
    "memory_utilization": 50.0,
    "solve_energy_joules": 0.97,
    "solve_power_watts": 100,
    "solve_time_seconds": 0.0097,
    "verify_energy_joules": 0.00017,
    "verify_power_watts": 1,
    "verify_time_seconds": 0.00017
  },
  "miner_address": "BEANSesdpmvi5rtm",
  "mining_capacity": "TIER_1_MOBILE",
  "problem": {
    "numbers": [
      84,
      60,
      72,
      76,
      45,
      96,
      79,
      42,
      64,
      55,
      52,
      13,
      12,
      78,
      37,
      92,
      90,
      54,
      16,
      91,
      35,
      87
    ],
    "target": 791,
    "type": "subset_sum"
  },
  "solution": [
    84,
    60,
    72,
    76,
    45,
    96,
    79,
    42,
    64,
    55,
    52,
    13,
    37,
    16
  ],
  "timestamp": 1761611068.1684082
}