{
  "block_hash": "88ec937a72ab1db3f5f23ae2f5b024761bbb07c9d0e409fc1beca319679694e0",
  "block_index": 28,
  "bundle_version": "1.0",
  "complexity": {
    "asymmetry_space": 1.0,
    "asymmetry_time": 22.5,
    "measured_solve_time": 0.0036000000000000003,
    "measured_verify_time": 0.00016,
    "problem_class": "NP-Complete",
    "problem_size": 10,
    "solution_size": 13,
    "space_solve_O": "O(n * target)",
    "space_verify_O": "O(n)",
    "time_solve_O": "O(2^n)",
    "time_verify_O": "O(n)"
  },
  "created_at": "{\"timestamp\": \"2025-10-28T00:24:03Z\"}",
  "cumulative_work_score": 487567.25188657735,
  "energy_metrics": {
    "cpu_utilization": 80.0,
    "gpu_utilization": 0.0,
    "memory_utilization": 50.0,
    "solve_energy_joules": 0.36000000000000004,
    "solve_power_watts": 100,
    "solve_time_seconds": 0.0036000000000000003,
    "verify_energy_joules": 0.00016,
    "verify_power_watts": 1,
    "verify_time_seconds": 0.00016
  },
  "miner_address": "BEANSesdpmvi5rtm",
  "mining_capacity": "TIER_1_MOBILE",
  "problem": {
    "numbers": [
      84,
      99,
      62,
      77,
      56,
      80,
      16,
      66,
      12,
      37,
      98,
      51,
      48,
      24,
      94,
      59,
      25,
      42,
      56,
      30,
      19,
      19,
      2,
      47,
      79
    ],
    "target": 666,
    "type": "subset_sum"
  },
  "solution": [
    84,
    99,
    62,
    77,
    56,
    80,
    16,
    66,
    12,
    37,
    51,
    24,
    2
  ],
  "timestamp": 1761611043.1618867
}