{
  "block_hash": "5ca220bbda179acdba2d565851b50c2e8eddcfed0dbaa3fb1acaca696fc65056",
  "block_index": 24,
  "bundle_version": "1.0",
  "complexity": {
    "asymmetry_space": 1.0,
    "asymmetry_time": 71.53846153846152,
    "measured_solve_time": 0.0093,
    "measured_verify_time": 0.00013000000000000002,
    "problem_class": "NP-Complete",
    "problem_size": 10,
    "solution_size": 12,
    "space_solve_O": "O(n * target)",
    "space_verify_O": "O(n)",
    "time_solve_O": "O(2^n)",
    "time_verify_O": "O(n)"
  },
  "created_at": "{\"timestamp\": \"2025-10-27T20:06:22Z\"}",
  "cumulative_work_score": 214774.46475303048,
  "energy_metrics": {
    "cpu_utilization": 80.0,
    "gpu_utilization": 0.0,
    "memory_utilization": 50.0,
    "solve_energy_joules": 0.9299999999999999,
    "solve_power_watts": 100,
    "solve_time_seconds": 0.0093,
    "verify_energy_joules": 0.00013000000000000002,
    "verify_power_watts": 1,
    "verify_time_seconds": 0.00013000000000000002
  },
  "miner_address": "BEANSesdpmvi5rtm",
  "mining_capacity": "TIER_1_MOBILE",
  "problem": {
    "numbers": [
      83,
      11,
      96,
      62,
      77,
      40,
      9,
      80,
      65,
      76,
      94,
      40,
      68,
      52,
      87,
      20,
      49,
      33,
      91,
      3,
      32,
      26,
      36
    ],
    "target": 638,
    "type": "subset_sum"
  },
  "solution": [
    83,
    11,
    96,
    62,
    77,
    40,
    9,
    80,
    65,
    76,
    3,
    36
  ],
  "timestamp": 1761595582.9122977
}