{
  "block_hash": "3467d067f0af01133efde771ac5e3e93aca393ea58df29ff2d02f25a77f51d16",
  "block_index": 37,
  "bundle_version": "1.0",
  "complexity": {
    "asymmetry_space": 1.0,
    "asymmetry_time": 91.81818181818183,
    "measured_solve_time": 0.010100000000000001,
    "measured_verify_time": 0.00011,
    "problem_class": "NP-Complete",
    "problem_size": 10,
    "solution_size": 6,
    "space_solve_O": "O(n * target)",
    "space_verify_O": "O(n)",
    "time_solve_O": "O(2^n)",
    "time_verify_O": "O(n)"
  },
  "created_at": "{\"timestamp\": \"2025-10-28T00:34:15Z\"}",
  "cumulative_work_score": 177894.98053039797,
  "energy_metrics": {
    "cpu_utilization": 80.0,
    "gpu_utilization": 0.0,
    "memory_utilization": 50.0,
    "solve_energy_joules": 1.0100000000000002,
    "solve_power_watts": 100,
    "solve_time_seconds": 0.010100000000000001,
    "verify_energy_joules": 0.00011,
    "verify_power_watts": 1,
    "verify_time_seconds": 0.00011
  },
  "miner_address": "BEANS1w1t24qlhj4",
  "mining_capacity": "TIER_1_MOBILE",
  "problem": {
    "numbers": [
      40,
      4,
      35,
      32,
      26,
      10,
      20,
      26,
      46,
      13
    ],
    "target": 155,
    "type": "subset_sum"
  },
  "solution": [
    40,
    4,
    35,
    10,
    20,
    46
  ],
  "timestamp": 1761611655.521218
}