{
  "block_hash": "b131a6f6abc67d0e2df3e08ce37bf36784840b739c79fd8503627ddb0244e6b0",
  "block_index": 7,
  "bundle_version": "1.0",
  "complexity": {
    "asymmetry_space": 1.0,
    "asymmetry_time": 26.666666666666668,
    "measured_solve_time": 0.0048000000000000004,
    "measured_verify_time": 0.00018,
    "problem_class": "NP-Complete",
    "problem_size": 10,
    "solution_size": 9,
    "space_solve_O": "O(n * target)",
    "space_verify_O": "O(n)",
    "time_solve_O": "O(2^n)",
    "time_verify_O": "O(n)"
  },
  "created_at": "{\"timestamp\": \"2025-10-27T13:35:22Z\"}",
  "cumulative_work_score": 132944.93483075462,
  "energy_metrics": {
    "cpu_utilization": 80.0,
    "gpu_utilization": 0.0,
    "memory_utilization": 50.0,
    "solve_energy_joules": 0.48000000000000004,
    "solve_power_watts": 100,
    "solve_time_seconds": 0.0048000000000000004,
    "verify_energy_joules": 0.00018,
    "verify_power_watts": 1,
    "verify_time_seconds": 0.00018
  },
  "miner_address": "BEANSesdpmvi5rtm",
  "mining_capacity": "TIER_1_MOBILE",
  "problem": {
    "numbers": [
      33,
      8,
      61,
      59,
      43,
      41,
      28,
      85,
      42,
      52,
      24,
      83,
      59,
      74,
      29,
      81,
      20,
      39
    ],
    "target": 471,
    "type": "subset_sum"
  },
  "solution": [
    83,
    24,
    42,
    85,
    41,
    43,
    59,
    61,
    33
  ],
  "timestamp": 1761572122.0265577
}