{
  "block_hash": "60fc5556c8973e27da0f60434344c6166ee3eedb629c36cfd37b7dc448132cb3",
  "block_index": 67,
  "bundle_version": "1.0",
  "complexity": {
    "asymmetry_space": 1.0,
    "asymmetry_time": 45.71428571428571,
    "measured_solve_time": 0.0064,
    "measured_verify_time": 0.00014000000000000001,
    "problem_class": "NP-Complete",
    "problem_size": 10,
    "solution_size": 6,
    "space_solve_O": "O(n * target)",
    "space_verify_O": "O(n)",
    "time_solve_O": "O(2^n)",
    "time_verify_O": "O(n)"
  },
  "created_at": "{\"timestamp\": \"2025-10-28T02:06:59Z\"}",
  "cumulative_work_score": 1,
  "energy_metrics": {
    "cpu_utilization": 80.0,
    "gpu_utilization": 0.0,
    "memory_utilization": 50.0,
    "solve_energy_joules": 0.64,
    "solve_power_watts": 100,
    "solve_time_seconds": 0.0064,
    "verify_energy_joules": 0.00014000000000000001,
    "verify_power_watts": 1,
    "verify_time_seconds": 0.00014000000000000001
  },
  "miner_address": "0xBEANSILLW7MQA",
  "mining_capacity": "TIER_1_MOBILE",
  "problem": {
    "numbers": [
      27,
      23,
      42,
      23,
      10,
      21,
      50,
      14,
      6,
      48
    ],
    "target": 137,
    "type": "subset_sum"
  },
  "solution": [
    27,
    23,
    42,
    10,
    21,
    14
  ],
  "timestamp": 1761617219.3426402
}