{
  "block_hash": "80ad281cf63462039f88ab5c96844aeff1bc8465e7981977cbebbef8a2380386",
  "block_index": 22,
  "bundle_version": "1.0",
  "complexity": {
    "asymmetry_space": 1.0,
    "asymmetry_time": 38.57142857142857,
    "measured_solve_time": 0.0054,
    "measured_verify_time": 0.00014000000000000001,
    "problem_class": "NP-Complete",
    "problem_size": 10,
    "solution_size": 13,
    "space_solve_O": "O(n * target)",
    "space_verify_O": "O(n)",
    "time_solve_O": "O(2^n)",
    "time_verify_O": "O(n)"
  },
  "created_at": "{\"timestamp\": \"2025-10-27T19:55:55Z\"}",
  "cumulative_work_score": 250043.44420813024,
  "energy_metrics": {
    "cpu_utilization": 80.0,
    "gpu_utilization": 0.0,
    "memory_utilization": 50.0,
    "solve_energy_joules": 0.54,
    "solve_power_watts": 100,
    "solve_time_seconds": 0.0054,
    "verify_energy_joules": 0.00014000000000000001,
    "verify_power_watts": 1,
    "verify_time_seconds": 0.00014000000000000001
  },
  "miner_address": "BEANSesdpmvi5rtm",
  "mining_capacity": "TIER_1_MOBILE",
  "problem": {
    "numbers": [
      87,
      81,
      94,
      52,
      48,
      99,
      83,
      93,
      31,
      88,
      98,
      68,
      32,
      43,
      18,
      78,
      54,
      12,
      81,
      46,
      50,
      88
    ],
    "target": 787,
    "type": "subset_sum"
  },
  "solution": [
    87,
    81,
    94,
    52,
    48,
    99,
    83,
    93,
    31,
    43,
    18,
    12,
    46
  ],
  "timestamp": 1761594955.6583686
}