{
  "block_hash": "b365a8a10944d1c2c045a26faf5ec1af696eed1589242165aa19bf5f94b69d95",
  "block_index": 40,
  "bundle_version": "1.0",
  "complexity": {
    "asymmetry_space": 1.0,
    "asymmetry_time": 41.578947368421055,
    "measured_solve_time": 0.0079,
    "measured_verify_time": 0.00019,
    "problem_class": "NP-Complete",
    "problem_size": 10,
    "solution_size": 7,
    "space_solve_O": "O(n * target)",
    "space_verify_O": "O(n)",
    "time_solve_O": "O(2^n)",
    "time_verify_O": "O(n)"
  },
  "created_at": "{\"timestamp\": \"2025-10-28T00:34:30Z\"}",
  "cumulative_work_score": 162031.82561874902,
  "energy_metrics": {
    "cpu_utilization": 80.0,
    "gpu_utilization": 0.0,
    "memory_utilization": 50.0,
    "solve_energy_joules": 0.79,
    "solve_power_watts": 100,
    "solve_time_seconds": 0.0079,
    "verify_energy_joules": 0.00019,
    "verify_power_watts": 1,
    "verify_time_seconds": 0.00019
  },
  "miner_address": "BEANS1w1t24qlhj4",
  "mining_capacity": "TIER_1_MOBILE",
  "problem": {
    "numbers": [
      25,
      30,
      40,
      50,
      19,
      7,
      46,
      31,
      44,
      5,
      17,
      19,
      5,
      33
    ],
    "target": 237,
    "type": "subset_sum"
  },
  "solution": [
    50,
    46,
    44,
    40,
    33,
    19,
    5
  ],
  "timestamp": 1761611670.5343785
}