{
  "block_hash": "dc560a3aea593bfce981b2eb6aab77f69fb6e58250592f20180cc478cf8bed3d",
  "block_index": 76,
  "bundle_version": "1.0",
  "complexity": {
    "asymmetry_space": 1.0,
    "asymmetry_time": 31.428571428571427,
    "measured_solve_time": 0.0044,
    "measured_verify_time": 0.00014000000000000001,
    "problem_class": "NP-Complete",
    "problem_size": 10,
    "solution_size": 10,
    "space_solve_O": "O(n * target)",
    "space_verify_O": "O(n)",
    "time_solve_O": "O(2^n)",
    "time_verify_O": "O(n)"
  },
  "created_at": "{\"timestamp\": \"2025-10-28T02:12:51Z\"}",
  "cumulative_work_score": 163660.52603872388,
  "energy_metrics": {
    "cpu_utilization": 80.0,
    "gpu_utilization": 0.0,
    "memory_utilization": 50.0,
    "solve_energy_joules": 0.44,
    "solve_power_watts": 100,
    "solve_time_seconds": 0.0044,
    "verify_energy_joules": 0.00014000000000000001,
    "verify_power_watts": 1,
    "verify_time_seconds": 0.00014000000000000001
  },
  "miner_address": "BEANSesdpmvi5rtm",
  "mining_capacity": "TIER_1_MOBILE",
  "problem": {
    "numbers": [
      98,
      13,
      29,
      77,
      25,
      93,
      83,
      66,
      96,
      57,
      65,
      10,
      59,
      13,
      48,
      70,
      70,
      17,
      95,
      67,
      49
    ],
    "target": 645,
    "type": "subset_sum"
  },
  "solution": [
    98,
    13,
    29,
    77,
    25,
    93,
    83,
    66,
    96,
    65
  ],
  "timestamp": 1761617571.920595
}