{
  "block_hash": "92a4b10cdf18fbf3e747d8c246f5df7026485fb6fce1b665c37570bffb3ec803",
  "block_index": 77,
  "bundle_version": "1.0",
  "complexity": {
    "asymmetry_space": 1.0,
    "asymmetry_time": 52.857142857142854,
    "measured_solve_time": 0.0074,
    "measured_verify_time": 0.00014000000000000001,
    "problem_class": "NP-Complete",
    "problem_size": 10,
    "solution_size": 7,
    "space_solve_O": "O(n * target)",
    "space_verify_O": "O(n)",
    "time_solve_O": "O(2^n)",
    "time_verify_O": "O(n)"
  },
  "created_at": "{\"timestamp\": \"2025-10-28T02:13:06Z\"}",
  "cumulative_work_score": 186489.20985057723,
  "energy_metrics": {
    "cpu_utilization": 80.0,
    "gpu_utilization": 0.0,
    "memory_utilization": 50.0,
    "solve_energy_joules": 0.74,
    "solve_power_watts": 100,
    "solve_time_seconds": 0.0074,
    "verify_energy_joules": 0.00014000000000000001,
    "verify_power_watts": 1,
    "verify_time_seconds": 0.00014000000000000001
  },
  "miner_address": "BEANSesdpmvi5rtm",
  "mining_capacity": "TIER_1_MOBILE",
  "problem": {
    "numbers": [
      5,
      3,
      25,
      21,
      6,
      97,
      49,
      38,
      21,
      77,
      34,
      20,
      37,
      100,
      67,
      52,
      23,
      50,
      47,
      98
    ],
    "target": 541,
    "type": "subset_sum"
  },
  "solution": [
    100,
    98,
    97,
    77,
    67,
    52,
    50
  ],
  "timestamp": 1761617586.9296625
}