{
  "block_hash": "d9e3f617a297b1903968b0b506201d99036a7136bfb8ed09ecc805751a61f866",
  "block_index": 12,
  "bundle_version": "1.0",
  "complexity": {
    "asymmetry_space": 1.0,
    "asymmetry_time": 40.76923076923077,
    "measured_solve_time": 0.0053,
    "measured_verify_time": 0.00013000000000000002,
    "problem_class": "NP-Complete",
    "problem_size": 10,
    "solution_size": 12,
    "space_solve_O": "O(n * target)",
    "space_verify_O": "O(n)",
    "time_solve_O": "O(2^n)",
    "time_verify_O": "O(n)"
  },
  "created_at": "{\"timestamp\": \"2025-10-27T13:47:57Z\"}",
  "cumulative_work_score": 1,
  "energy_metrics": {
    "cpu_utilization": 80.0,
    "gpu_utilization": 0.0,
    "memory_utilization": 50.0,
    "solve_energy_joules": 0.53,
    "solve_power_watts": 100,
    "solve_time_seconds": 0.0053,
    "verify_energy_joules": 0.00013000000000000002,
    "verify_power_watts": 1,
    "verify_time_seconds": 0.00013000000000000002
  },
  "miner_address": "BEANSesdpmvi5rtm",
  "mining_capacity": "TIER_1_MOBILE",
  "problem": {
    "numbers": [
      74,
      94,
      41,
      15,
      26,
      33,
      11,
      32,
      60,
      64,
      55,
      65,
      57,
      2,
      34,
      37,
      96,
      57,
      16,
      39,
      100,
      56
    ],
    "target": 582,
    "type": "subset_sum"
  },
  "solution": [
    2,
    57,
    65,
    55,
    64,
    60,
    11,
    33,
    26,
    41,
    94,
    74
  ],
  "timestamp": 1761572877.2690523
}