{
  "block_hash": "00621b53f447e40fc1fec4f67bdd88cfc50ed0a7685e6042091c6cb32db9cbcc",
  "block_index": 54,
  "bundle_version": "1.0",
  "complexity": {
    "asymmetry_space": 1.0,
    "asymmetry_time": 25.38461538461538,
    "measured_solve_time": 0.0033,
    "measured_verify_time": 0.00013000000000000002,
    "problem_class": "NP-Complete",
    "problem_size": 10,
    "solution_size": 6,
    "space_solve_O": "O(n * target)",
    "space_verify_O": "O(n)",
    "time_solve_O": "O(2^n)",
    "time_verify_O": "O(n)"
  },
  "created_at": "{\"timestamp\": \"2025-10-28T01:09:21Z\"}",
  "cumulative_work_score": 60384.410844271166,
  "energy_metrics": {
    "cpu_utilization": 80.0,
    "gpu_utilization": 0.0,
    "memory_utilization": 50.0,
    "solve_energy_joules": 0.33,
    "solve_power_watts": 100,
    "solve_time_seconds": 0.0033,
    "verify_energy_joules": 0.00013000000000000002,
    "verify_power_watts": 1,
    "verify_time_seconds": 0.00013000000000000002
  },
  "miner_address": "BEANS1w1t24qlhj4",
  "mining_capacity": "TIER_1_MOBILE",
  "problem": {
    "numbers": [
      16,
      42,
      21,
      43,
      20,
      3,
      8,
      47,
      15,
      28,
      14,
      36,
      1
    ],
    "target": 170,
    "type": "subset_sum"
  },
  "solution": [
    16,
    42,
    21,
    43,
    20,
    28
  ],
  "timestamp": 1761613761.144473
}