{
  "block_hash": "0c29dc1540aeb5585bcb8f7d637fece1c08317bb2406f71d2c3a0e098e0b0c26",
  "block_index": 66,
  "bundle_version": "1.0",
  "complexity": {
    "asymmetry_space": 1.0,
    "asymmetry_time": 10.0,
    "measured_solve_time": 0.0019000000000000002,
    "measured_verify_time": 0.00019,
    "problem_class": "NP-Complete",
    "problem_size": 10,
    "solution_size": 7,
    "space_solve_O": "O(n * target)",
    "space_verify_O": "O(n)",
    "time_solve_O": "O(2^n)",
    "time_verify_O": "O(n)"
  },
  "created_at": "{\"timestamp\": \"2025-10-28T02:06:39Z\"}",
  "cumulative_work_score": 1,
  "energy_metrics": {
    "cpu_utilization": 80.0,
    "gpu_utilization": 0.0,
    "memory_utilization": 50.0,
    "solve_energy_joules": 0.19000000000000003,
    "solve_power_watts": 100,
    "solve_time_seconds": 0.0019000000000000002,
    "verify_energy_joules": 0.00019,
    "verify_power_watts": 1,
    "verify_time_seconds": 0.00019
  },
  "miner_address": "0xBEANSILLW7MQA",
  "mining_capacity": "TIER_1_MOBILE",
  "problem": {
    "numbers": [
      13,
      8,
      32,
      17,
      42,
      17,
      36,
      27,
      26,
      17,
      16,
      17
    ],
    "target": 164,
    "type": "subset_sum"
  },
  "solution": [
    13,
    8,
    32,
    17,
    42,
    36,
    16
  ],
  "timestamp": 1761617199.3240466
}