{
  "block_hash": "9b11b58d9edd7dc43825a0114ca493ab87b8bad35ec552ac04c33706f62a0537",
  "block_index": 5,
  "bundle_version": "1.0",
  "complexity": {
    "asymmetry_space": 1.0,
    "asymmetry_time": 41.578947368421055,
    "measured_solve_time": 0.0079,
    "measured_verify_time": 0.00019,
    "problem_class": "NP-Complete",
    "problem_size": 10,
    "solution_size": 9,
    "space_solve_O": "O(n * target)",
    "space_verify_O": "O(n)",
    "time_solve_O": "O(2^n)",
    "time_verify_O": "O(n)"
  },
  "created_at": "{\"timestamp\": \"2025-10-27T13:31:26Z\"}",
  "cumulative_work_score": 135330.50619513454,
  "energy_metrics": {
    "cpu_utilization": 80.0,
    "gpu_utilization": 0.0,
    "memory_utilization": 50.0,
    "solve_energy_joules": 0.79,
    "solve_power_watts": 100,
    "solve_time_seconds": 0.0079,
    "verify_energy_joules": 0.00019,
    "verify_power_watts": 1,
    "verify_time_seconds": 0.00019
  },
  "miner_address": "BEANSesdpmvi5rtm",
  "mining_capacity": "TIER_1_MOBILE",
  "problem": {
    "numbers": [
      40,
      93,
      46,
      7,
      85,
      31,
      64,
      73,
      95,
      67,
      35,
      78,
      9,
      39,
      34,
      87,
      31,
      41,
      45,
      45,
      12
    ],
    "target": 526,
    "type": "subset_sum"
  },
  "solution": [
    35,
    67,
    95,
    73,
    31,
    85,
    7,
    93,
    40
  ],
  "timestamp": 1761571886.7641184
}