{
  "block_hash": "5f57a5823b0faff2a612e6e036f6e30160f995baebc8ae487da2adfb4f9ed3c4",
  "block_index": 14,
  "bundle_version": "1.0",
  "complexity": {
    "asymmetry_space": 1.0,
    "asymmetry_time": 26.666666666666668,
    "measured_solve_time": 0.0032,
    "measured_verify_time": 0.00012,
    "problem_class": "NP-Complete",
    "problem_size": 10,
    "solution_size": 9,
    "space_solve_O": "O(n * target)",
    "space_verify_O": "O(n)",
    "time_solve_O": "O(2^n)",
    "time_verify_O": "O(n)"
  },
  "created_at": "{\"timestamp\": \"2025-10-27T19:33:49Z\"}",
  "cumulative_work_score": 1,
  "energy_metrics": {
    "cpu_utilization": 80.0,
    "gpu_utilization": 0.0,
    "memory_utilization": 50.0,
    "solve_energy_joules": 0.32,
    "solve_power_watts": 100,
    "solve_time_seconds": 0.0032,
    "verify_energy_joules": 0.00012,
    "verify_power_watts": 1,
    "verify_time_seconds": 0.00012
  },
  "miner_address": "BEANSesdpmvi5rtm",
  "mining_capacity": "TIER_1_MOBILE",
  "problem": {
    "numbers": [
      39,
      93,
      7,
      88,
      77,
      95,
      82,
      41,
      73,
      49,
      94,
      14,
      37,
      51,
      65,
      72,
      81
    ],
    "target": 646,
    "type": "subset_sum"
  },
  "solution": [
    37,
    94,
    41,
    82,
    95,
    77,
    88,
    93,
    39
  ],
  "timestamp": 1761593629.79416
}