{
  "block_hash": "929785ef217de6de5b7afbba0ea9f1e46c7e4ef94aff25d53446473e81d09a53",
  "block_index": 61,
  "bundle_version": "1.0",
  "complexity": {
    "asymmetry_space": 1.0,
    "asymmetry_time": 36.315789473684205,
    "measured_solve_time": 0.0069,
    "measured_verify_time": 0.00019,
    "problem_class": "NP-Complete",
    "problem_size": 10,
    "solution_size": 6,
    "space_solve_O": "O(n * target)",
    "space_verify_O": "O(n)",
    "time_solve_O": "O(2^n)",
    "time_verify_O": "O(n)"
  },
  "created_at": "{\"timestamp\": \"2025-10-28T02:05:59Z\"}",
  "cumulative_work_score": 1,
  "energy_metrics": {
    "cpu_utilization": 80.0,
    "gpu_utilization": 0.0,
    "memory_utilization": 50.0,
    "solve_energy_joules": 0.69,
    "solve_power_watts": 100,
    "solve_time_seconds": 0.0069,
    "verify_energy_joules": 0.00019,
    "verify_power_watts": 1,
    "verify_time_seconds": 0.00019
  },
  "miner_address": "0xBEANSILLW7MQA",
  "mining_capacity": "TIER_1_MOBILE",
  "problem": {
    "numbers": [
      49,
      29,
      30,
      36,
      44,
      33,
      21,
      12,
      20,
      31
    ],
    "target": 208,
    "type": "subset_sum"
  },
  "solution": [
    49,
    29,
    30,
    36,
    44,
    20
  ],
  "timestamp": 1761617159.3132803
}